{"comsol_model_id": 16635, "target_value": 0.84292, "target_units": "1", "target_description": "The absolute difference between the perturbed and unperturbed `u` values at t = 35 seconds.", "model_specifications": "\n## Analysis of the Lorenz Attractor\n\n**ANALYSIS TYPE:** System of nonlinear ordinary differential equations (ODEs) exhibiting chaotic behavior.\n\n**MODEL DEFINITION:** The model solves the Lorenz equations:\n\n* du/dt = a(v - u)\n* dv/dt = u(c - w) - v\n* dw/dt = uv - bw\n\nwhere u, v, and w are time-dependent variables representing the state of the system. The parameters a, b, and c are set to 10, 8/3, and 28 respectively, which are known to produce chaotic solutions.\n\n**INITIAL CONDITIONS:**\nThe system is initialized close to the Lorenz attractor with a small perturbation:\n\n* u(0) = -10 + pert\n* v(0) = -4.45 + pert\n* w(0) = 35.1 + pert\n\nwhere \"pert\" represents a small perturbation with a value of 1e-11.\n\n**SOLVER:** The analysis utilizes an explicit Dormand-Prince 5 time-stepping method with a relative tolerance of 1e-16 to accurately capture the system's dynamics. The time step is 0.01 seconds and the PARDISO solver is used.\n\n**OUTPUT:** The analysis aims to determine the absolute difference (|u_pert - u|) in the u variables of the solution between the perturbed and unperturbed systems at time t = 35 seconds.\nExport the table containing this value to OUTPUT_PATH/output.txt\n\n**NOTE:** This problem demonstrates the sensitive dependence on initial conditions characteristic of chaotic systems. Even a minute perturbation leads to significant differences in the solution trajectory over time.\n\n", "plan": "\n## Implementing the Lorenz Attractor Analysis in COMSOL Multiphysics:\n\n**1. Model Setup:**\n* **New Model:** Open COMSOL Multiphysics and create a new model.\n* **Space Dimension:**  Select \"3D\" for the space dimension.\n* **Physics Interface:** Choose \"Mathematics > ODEs and DAEs Interfaces > Global ODEs and DAEs (ge)\".\n* **Study Type:** Select \"Time Dependent\" for the study type.\n\n**2. Global Definitions:**\n* **Units:** In the Unit system, choose None since all quantities are dimensionless here.\n* **Parameters:**\n    * Right-click \"Global Definitions\" and add \"Parameters\".\n    * Define the following parameters:\n        * Name & Expression & Value & Description \\\n        * a & 10 & 10 & System parameter \\\n        * b & $8 / 3$ & $2.6667$ & System parameter \\\n        * $\\mathrm{c}$ & 28 & 28 & System parameter \\\n        * pert & 0 & 0 & Initial data perturbation \\\n        * TOL & $1 \\mathrm{e}-16$ & lE-16 & Solver Tolerance \\\n        * Tfinal & 35 & 35 & End time for simulation \\\n\n**3. Global ODEs and DAEs (ge):**\n* **Global Equations:**\n    * Right-click the \"Global ODEs and DAEs (ge)\" node and add \"Global Equations\".\n    * Define the Lorenz equations:\n      *  Name & f(u, ut, utt, t) & Initial value (u_0) & Initial value (u_t0) \\\n      *  $u$ & $ut-a*(v-u)$ & $-10+$ pert & 0 \\\n      *  $v$ & $vt-c*u+v+u*w$ & $-4.45+$ pert & 0 \\\n      *  $w$ & $wt-u*v+b*w$ & $35.1+$ pert & 0 \\\n\n**4. Study Settings:**\n\n* **Step 1: Time Dependent:**\n    * **Study Settings:\n      * **Time Range:** Set the time range from 0 to 35 seconds by doing the following:\n      * Range: Set step to 0.01.\n      * Stop: Type Tfinal and select Replace.\n      * Relative Tolerance:** User controlled, set to `TOL`.\n**5. Solver Settings:**\n* **Time Stepping:**\n    * Solver: `Time-Dependent Solver 1`\n    * Solver Type: `Explicit`\n    * Runge-Kutta method: `Dormand-Prince 5`\n\n* **Time-Dependent Solver 1:**\n  * Under the `Direct` settings, in the General section, choose PARDISO from the Solver list.\n\n**6. Parametric Sweep\n* Under Parametric Sweep, Study Settings, enter the following table:\n  *  Parameter Name & Parameter Value List\n  *  pert (Initial data perturbation) & 0 1e-11\n* Choose All combinations under Sweep.\n* Compute the study.\n\n**7. Derived Values:**\n* **Global Evaluation:**\n    * Right-click \"Derived Values\" and add \"Global Evaluation\".\n    * Select Last in Time Selection.\n    * Evaluate the following expression: `abs(u-withsol('sol2',u,setval(pert,0),setval(t,t)))` to compute the absolute difference between the perturbed and unperturbed `u` values at t = 35 seconds.\n    * Export the table containing this value to OUTPUT_PATH/output.txt\n", "ground_truth_code": "\nmodel.param().set(\"a\", \"10\", \"System Parameter\");\nmodel.param().set(\"b\", \"8/3\", \"System Parameter\");\nmodel.param().set(\"c\", \"28\", \"System Parameter\");\nmodel.param().set(\"pert\", \"0\", \"Initial data perturbation\");\nmodel.param().set(\"TOL\", \"1e-16\", \"Solver Tolerance\");\nmodel.param().set(\"Tfinal\", \"35\", \"End Time for simulation\");\n\nmodel.component().create(\"comp1\", true);\n\nmodel.component(\"comp1\").geom().create(\"geom1\", 3);\n\nmodel.result().table().create(\"tbl1\", \"Table\");\n\nmodel.component(\"comp1\").mesh().create(\"mesh1\");\n\nmodel.component(\"comp1\").physics().create(\"ge\", \"GlobalEquations\", \"geom1\");\n\nmodel.result().table(\"tbl1\").comments(\"Global Evaluation 1\");\n\nmodel.component(\"comp1\").physics(\"ge\").prop(\"EquationForm\").set(\"form\", \"Automatic\");\nmodel.component(\"comp1\").physics(\"ge\").feature(\"ge1\").set(\"name\", new String[][]{{\"u\"}, {\"v\"}, {\"w\"}});\nmodel.component(\"comp1\").physics(\"ge\").feature(\"ge1\")\n      .set(\"equation\", new String[][]{{\"ut-a*(v-u)\"}, {\"vt-c*u+v+u*w\"}, {\"wt-u*v+b*w\"}});\nmodel.component(\"comp1\").physics(\"ge\").feature(\"ge1\")\n      .set(\"initialValueU\", new String[][]{{\"-10+pert\"}, {\"-4.45+pert\"}, {\"35.1+pert\"}});\nmodel.component(\"comp1\").physics(\"ge\").feature(\"ge1\").set(\"initialValueUt\", new int[][]{{0}, {0}, {0}});\nmodel.component(\"comp1\").physics(\"ge\").feature(\"ge1\").set(\"description\", new String[][]{{\"\"}, {\"\"}, {\"\"}});\n\nmodel.study().create(\"std1\");\nmodel.study(\"std1\").create(\"param\", \"Parametric\");\nmodel.study(\"std1\").create(\"time\", \"Transient\");\n\nmodel.sol().create(\"sol1\");\nmodel.sol(\"sol1\").study(\"std1\");\nmodel.sol(\"sol1\").attach(\"std1\");\nmodel.sol(\"sol1\").create(\"st1\", \"StudyStep\");\nmodel.sol(\"sol1\").create(\"v1\", \"Variables\");\nmodel.sol(\"sol1\").create(\"t1\", \"Time\");\nmodel.sol(\"sol1\").feature(\"t1\").create(\"fc1\", \"FullyCoupled\");\nmodel.sol(\"sol1\").feature(\"t1\").feature().remove(\"fcDef\");\nmodel.sol().create(\"sol2\");\nmodel.sol(\"sol2\").study(\"std1\");\nmodel.sol(\"sol2\").label(\"Parametric Solutions 1\");\n\nmodel.batch().create(\"p1\", \"Parametric\");\nmodel.batch(\"p1\").create(\"so1\", \"Solutionseq\");\nmodel.batch(\"p1\").study(\"std1\");\n\nmodel.result().numerical().create(\"gev1\", \"EvalGlobal\");\nmodel.result().numerical(\"gev1\").set(\"probetag\", \"none\");\n\n\nmodel.study(\"std1\").feature(\"param\").set(\"sweeptype\", \"filled\");\nmodel.study(\"std1\").feature(\"param\").set(\"pname\", new String[]{\"pert\"});\nmodel.study(\"std1\").feature(\"param\").set(\"plistarr\", new String[]{\"0 1e-11\"});\nmodel.study(\"std1\").feature(\"param\").set(\"punit\", new String[]{\"\"});\nmodel.study(\"std1\").feature(\"time\").set(\"tlist\", \"range(0,0.01,Tfinal)\");\nmodel.study(\"std1\").feature(\"time\").set(\"usertol\", true);\nmodel.study(\"std1\").feature(\"time\").set(\"rtol\", \"TOL\");\n\nmodel.sol(\"sol1\").attach(\"std1\");\nmodel.sol(\"sol1\").feature(\"st1\").label(\"Compile Equations: Time Dependent\");\nmodel.sol(\"sol1\").feature(\"v1\").label(\"Dependent Variables 1.1\");\nmodel.sol(\"sol1\").feature(\"v1\").set(\"clist\", new String[]{\"range(0,0.01,Tfinal)\", \"0.035[s]\"});\nmodel.sol(\"sol1\").feature(\"t1\").label(\"Time-Dependent Solver 1.1\");\nmodel.sol(\"sol1\").feature(\"t1\").set(\"tlist\", \"range(0,0.01,Tfinal)\");\nmodel.sol(\"sol1\").feature(\"t1\").set(\"rtol\", \"TOL\");\nmodel.sol(\"sol1\").feature(\"t1\").set(\"odesolvertype\", \"explicit\");\nmodel.sol(\"sol1\").feature(\"t1\").set(\"rkmethod\", \"dopri5\");\nmodel.sol(\"sol1\").feature(\"t1\").feature(\"dDef\").label(\"Direct 1\");\nmodel.sol(\"sol1\").feature(\"t1\").feature(\"dDef\").set(\"linsolver\", \"pardiso\");\nmodel.sol(\"sol1\").feature(\"t1\").feature(\"aDef\").label(\"Advanced 1\");\nmodel.sol(\"sol1\").feature(\"t1\").feature(\"fc1\").label(\"Fully Coupled 1.1\");\nmodel.sol(\"sol1\").runAll();\n\nmodel.batch(\"p1\").set(\"control\", \"param\");\nmodel.batch(\"p1\").set(\"sweeptype\", \"filled\");\nmodel.batch(\"p1\").set(\"pname\", new String[]{\"pert\"});\nmodel.batch(\"p1\").set(\"plistarr\", new String[]{\"0 1e-11\"});\nmodel.batch(\"p1\").set(\"punit\", new String[]{\"\"});\nmodel.batch(\"p1\").set(\"err\", true);\nmodel.batch(\"p1\").feature(\"so1\").set(\"seq\", \"sol1\");\nmodel.batch(\"p1\").feature(\"so1\").set(\"psol\", \"sol2\");\nmodel.batch(\"p1\").feature(\"so1\").set(\"param\", new String[]{\"\"pert\",\"0\"\", \"\"pert\",\"1E-11\"\"});\nmodel.batch(\"p1\").attach(\"std1\");\nmodel.batch(\"p1\").run();\n\nmodel.result().numerical(\"gev1\").set(\"looplevelinput\", new String[]{\"last\"});\nmodel.result().numerical(\"gev1\").set(\"table\", \"tbl1\");\nmodel.result().numerical(\"gev1\")\n      .set(\"expr\", new String[]{\"abs(u-withsol('sol2',u,setval(pert,0),setval(t,t)))\", \"\", \"\"});\nmodel.result().numerical(\"gev1\").set(\"unit\", new String[]{\"1\", \"\", \"\"});\nmodel.result().numerical(\"gev1\").set(\"descr\", new String[]{\"\", \"\", \"\"});\nmodel.result().numerical(\"gev1\").setResult();\nmodel.result().table(\"tbl1\").save(\"OUTPUT_PATH/output.txt\");\n", "target_tree": "model\n\u251c\u2500 parameters\n\u2502  \u2514\u2500 Parameters 1\n\u251c\u2500 functions\n\u251c\u2500 components\n\u2502  \u2514\u2500 Component 1\n\u251c\u2500 geometries\n\u2502  \u2514\u2500 Geometry 1\n\u2502     \u2514\u2500 Form Union\n\u251c\u2500 views\n\u2502  \u2514\u2500 View 1\n\u251c\u2500 selections\n\u251c\u2500 coordinates\n\u2502  \u2514\u2500 Boundary System 1\n\u251c\u2500 variables\n\u2502  \u251c\u2500 Derived Variables 1\n\u2502  \u2514\u2500 Derived Variables 2\n\u251c\u2500 couplings\n\u251c\u2500 physics\n\u2502  \u2514\u2500 Global ODEs and DAEs\n\u2502     \u2514\u2500 Global Equations 1\n\u251c\u2500 multiphysics\n\u251c\u2500 materials\n\u251c\u2500 meshes\n\u2502  \u2514\u2500 Mesh 1\n\u251c\u2500 studies\n\u2502  \u2514\u2500 Study 1\n\u2502     \u251c\u2500 Parametric Sweep\n\u2502     \u2514\u2500 Time Dependent\n\u251c\u2500 solutions\n\u2502  \u251c\u2500 Solution 1\n\u2502  \u2502  \u251c\u2500 Compile Equations: Time Dependent\n\u2502  \u2502  \u251c\u2500 Dependent Variables 1.1\n\u2502  \u2502  \u2502  \u2514\u2500 comp1.ODE1\n\u2502  \u2502  \u2514\u2500 Time-Dependent Solver 1.1\n\u2502  \u2502     \u251c\u2500 Direct 1\n\u2502  \u2502     \u251c\u2500 Advanced 1\n\u2502  \u2502     \u2514\u2500 Fully Coupled 1.1\n\u2502  \u251c\u2500 Parametric Solutions 1\n\u2502  \u2502  \u251c\u2500 pert=0, TOL=1E-16\n\u2502  \u2502  \u2514\u2500 pert=1E-11, TOL=1E-16\n\u2502  \u251c\u2500 pert=0, TOL=1E-16\n\u2502  \u2514\u2500 pert=1E-11, TOL=1E-16\n\u251c\u2500 batches\n\u2502  \u2514\u2500 Parametric Sweep 1\n\u2502     \u2514\u2500 Solution 1, Parametric Solutions 1\n\u251c\u2500 datasets\n\u2502  \u251c\u2500 Study 1//Solution 1\n\u2502  \u2514\u2500 Study 1//Parametric Solutions 1\n\u251c\u2500 evaluations\n\u2502  \u2514\u2500 Global Evaluation 1\n\u251c\u2500 tables\n\u2502  \u2514\u2500 Table 1\n\u251c\u2500 plots\n\u2514\u2500 exports\n", "selection_information": "-"}