{"comsol_model_id": 453, "target_value": 333.0, "target_units": "K", "target_description": "Temperature at the location R = 0.04 m, Z = 0.04 m in K.", "model_specifications": "## Finite Element Analysis Description: 2D Axisymmetric Steady-State Heat Conduction in a Cylinder\n\n**ANALYSIS TYPE:** Steady-state heat conduction with axisymmetric geometry.\n\n**GEOMETRY:**\n* The domain is a cylindrical section defined by:\n    * Inner radius: 0.02 m\n    * Outer radius: 0.1 m\n    * Height: 0.14 m\n* The geometry represents a 2D cross-section of this cylinder, with the width corresponding to the difference between the inner and outer cylindrical surfaces.\n\n**LOADING:**\n*  A constant heat flux of 5e5 W/m\u00b2 is applied to the inner cylindrical surface, between z = 0.04 m and z= 1 m. The remaining portion of the inner cylindrical surface is insulated.\n\n**BOUNDARY CONDITIONS:**\n*  The outer cylindrical surface, top surface, and bottom surface have a uniform temperature of 273.15 [K].\n\n**MATERIAL PROPERTIES:**\n* Thermal conductivity (k): 52 W/(m\u00b7K)\n\n**ELEMENT TYPES:**  The analysis can utilize 2D axisymmetric heat transfer elements.\n\n**MESHES:**  The default mesh can be used.\n\n**OUTPUT:**  The analysis should determine the temperature in Kelvins [K] (Kelvins are the default units) at a specific point on the inner cylindrical surface:\n\n*   Radial Coordinate (r): 0.04 m\n*   Axial Coordinate (z): 0.04 m\n\nExport the table with the value to OUTPUT_PATH/output.txt\n\n", "plan": "## Implementing the 2D Axisymmetric Steady-State Heat Conduction in a Cylinder in COMSOL Multiphysics:\n\n**1. Model Setup:**\n* **New Model:** Start COMSOL Multiphysics and create a new model.\n* **Space Dimension:** Select \"2D Axisymmetric\".\n* **Physics Interface:** Select \"Heat Transfer > Heat Transfer in Solids (ht)\".\n* **Study Type:**  Choose \"General Studies > Stationary\".\n\n**2. Geometry Definition:**\n* **Rectangle:** Create a rectangle representing the cross-section of the cylinder:\n    * Width: 0.08 m\n    * Height: 0.14 m\n    * Corner Position: (r, z) = (0.02, 0) m\n* **Point:**\n  * In the r field, type 0.02 0.02\n  * In the z field, type 0.04 0.1\n\n**3. Physics Settings:**\n* **Heat Conduction, Solid:**\n    * For the Thermal Conductivity (k), choose User defined, and type 52 W/(m.K).\n    * Under Thermodynamics Solid, choose User defined for Cp and rho.\n    * Domain Selection:** Select all domains or Domain 1.\n\n* **Boundary Conditions:**\n    * **Temperature:**\n      * In the Temperature section, type 273.15 [K] for T_0.\n      * Select Boundaries 2, 5 and 6.\n\n    * **Heat Flux:**\n      * Apply a \"Heat Flux\" boundary condition with a constant value q0 of 5e5 W/m\u00b2.\n      * Select Boundary 3.\n\n**4. Meshing:**\n* **Mesh Creation:** Use the default mesh.\n\n**5. Study Settings:**\n* **Solver Configuration:** Use default solver settings for the \"Stationary\" study.\n\n**6. Analyzing Results:**\n* **Temperature at Target Point:**\n    * Create a \"Cut Point 2D\" dataset at this location first and then use that dataset in the point evaluation:\n      * Locate the Point Data section under Cut Point 2D and type R = 0.04 m, Z = 0.04 m\n    * Use a \"Point Evaluation\" feature to evaluate the temperature (in K) at the target point.\n    * Export the table containing this value to OUTPUT_PATH/output.txt.\n\n", "ground_truth_code": "model.component().create(\"comp1\", true);\n\nmodel.component(\"comp1\").geom().create(\"geom1\", 2);\n\nmodel.result().table().create(\"tbl1\", \"Table\");\n\nmodel.component(\"comp1\").geom(\"geom1\").axisymmetric(true);\n\nmodel.component(\"comp1\").mesh().create(\"mesh1\");\n\nmodel.component(\"comp1\").geom(\"geom1\").create(\"r1\", \"Rectangle\");\nmodel.component(\"comp1\").geom(\"geom1\").feature(\"r1\").set(\"pos\", new double[]{0.02, 0});\nmodel.component(\"comp1\").geom(\"geom1\").feature(\"r1\").set(\"size\", new String[]{\"0.08 [m]\", \"0.14\"});\nmodel.component(\"comp1\").geom(\"geom1\").create(\"pt1\", \"Point\");\nmodel.component(\"comp1\").geom(\"geom1\").feature(\"pt1\").set(\"p\", new String[]{\"0.02 0.02\", \"0.04 0.1\"});\nmodel.component(\"comp1\").geom(\"geom1\").run();\n\nmodel.view().create(\"view2\", 3);\n\nmodel.component(\"comp1\").physics().create(\"ht\", \"HeatTransfer\", \"geom1\");\nmodel.component(\"comp1\").physics(\"ht\").create(\"temp1\", \"TemperatureBoundary\", 1);\nmodel.component(\"comp1\").physics(\"ht\").feature(\"temp1\").selection().set(2, 5, 6);\nmodel.component(\"comp1\").physics(\"ht\").create(\"hf1\", \"HeatFluxBoundary\", 1);\nmodel.component(\"comp1\").physics(\"ht\").feature(\"hf1\").selection().set(3);\n\nmodel.result().table(\"tbl1\").comments(\"Point Evaluation 1\");\n\nmodel.component(\"comp1\").physics(\"ht\").feature(\"solid1\").set(\"k_mat\", \"userdef\");\nmodel.component(\"comp1\").physics(\"ht\").feature(\"solid1\")\n      .set(\"k\", new int[][]{{52}, {0}, {0}, {0}, {52}, {0}, {0}, {0}, {52}});\nmodel.component(\"comp1\").physics(\"ht\").feature(\"solid1\").set(\"rho_mat\", \"userdef\");\nmodel.component(\"comp1\").physics(\"ht\").feature(\"solid1\").set(\"Cp_mat\", \"userdef\");\nmodel.component(\"comp1\").physics(\"ht\").feature(\"temp1\").set(\"T0\", \"273.15[K]\");\nmodel.component(\"comp1\").physics(\"ht\").feature(\"hf1\").set(\"q0_input\", \"5e5\");\n\nmodel.study().create(\"std1\");\nmodel.study(\"std1\").create(\"stat\", \"Stationary\");\n\nmodel.sol().create(\"sol1\");\nmodel.sol(\"sol1\").study(\"std1\");\nmodel.sol(\"sol1\").attach(\"std1\");\nmodel.sol(\"sol1\").create(\"st1\", \"StudyStep\");\nmodel.sol(\"sol1\").create(\"v1\", \"Variables\");\nmodel.sol(\"sol1\").create(\"s1\", \"Stationary\");\nmodel.sol(\"sol1\").feature(\"s1\").create(\"fc1\", \"FullyCoupled\");\nmodel.sol(\"sol1\").feature(\"s1\").create(\"d1\", \"Direct\");\nmodel.sol(\"sol1\").feature(\"s1\").create(\"i1\", \"Iterative\");\nmodel.sol(\"sol1\").feature(\"s1\").feature(\"i1\").create(\"mg1\", \"Multigrid\");\nmodel.sol(\"sol1\").feature(\"s1\").feature(\"i1\").feature(\"mg1\").feature(\"pr\").create(\"so1\", \"SOR\");\nmodel.sol(\"sol1\").feature(\"s1\").feature(\"i1\").feature(\"mg1\").feature(\"po\").create(\"so1\", \"SOR\");\nmodel.sol(\"sol1\").feature(\"s1\").feature(\"i1\").feature(\"mg1\").feature(\"cs\").create(\"d1\", \"Direct\");\nmodel.sol(\"sol1\").feature(\"s1\").feature().remove(\"fcDef\");\n\nmodel.result().dataset().create(\"rev1\", \"Revolve2D\");\nmodel.result().dataset().create(\"cpt1\", \"CutPoint2D\");\nmodel.result().numerical().create(\"pev1\", \"EvalPoint\");\nmodel.result().numerical(\"pev1\").set(\"probetag\", \"none\");\n\nmodel.sol(\"sol1\").attach(\"std1\");\nmodel.sol(\"sol1\").feature(\"st1\").label(\"Compile Equations: Stationary\");\nmodel.sol(\"sol1\").feature(\"v1\").label(\"Dependent Variables 1.1\");\nmodel.sol(\"sol1\").feature(\"s1\").label(\"Stationary Solver 1.1\");\nmodel.sol(\"sol1\").feature(\"s1\").feature(\"dDef\").label(\"Direct 2\");\nmodel.sol(\"sol1\").feature(\"s1\").feature(\"aDef\").label(\"Advanced 1\");\nmodel.sol(\"sol1\").feature(\"s1\").feature(\"fc1\").label(\"Fully Coupled 1.1\");\nmodel.sol(\"sol1\").feature(\"s1\").feature(\"fc1\").set(\"linsolver\", \"d1\");\nmodel.sol(\"sol1\").feature(\"s1\").feature(\"fc1\").set(\"initstep\", 0.01);\nmodel.sol(\"sol1\").feature(\"s1\").feature(\"fc1\").set(\"minstep\", 1.0E-6);\nmodel.sol(\"sol1\").feature(\"s1\").feature(\"fc1\").set(\"maxiter\", 50);\nmodel.sol(\"sol1\").feature(\"s1\").feature(\"fc1\").set(\"termonres\", false);\nmodel.sol(\"sol1\").feature(\"s1\").feature(\"d1\").label(\"Direct, heat transfer variables (ht)\");\nmodel.sol(\"sol1\").feature(\"s1\").feature(\"d1\").set(\"linsolver\", \"pardiso\");\nmodel.sol(\"sol1\").feature(\"s1\").feature(\"d1\").set(\"pivotperturb\", 1.0E-13);\nmodel.sol(\"sol1\").feature(\"s1\").feature(\"i1\").label(\"AMG, heat transfer variables (ht)\");\nmodel.sol(\"sol1\").feature(\"s1\").feature(\"i1\").set(\"nlinnormuse\", true);\nmodel.sol(\"sol1\").feature(\"s1\").feature(\"i1\").set(\"rhob\", 20);\nmodel.sol(\"sol1\").feature(\"s1\").feature(\"i1\").feature(\"ilDef\").label(\"Incomplete LU 1\");\nmodel.sol(\"sol1\").feature(\"s1\").feature(\"i1\").feature(\"mg1\").label(\"Multigrid 1.1\");\nmodel.sol(\"sol1\").feature(\"s1\").feature(\"i1\").feature(\"mg1\").set(\"prefun\", \"saamg\");\nmodel.sol(\"sol1\").feature(\"s1\").feature(\"i1\").feature(\"mg1\").set(\"maxcoarsedof\", 50000);\nmodel.sol(\"sol1\").feature(\"s1\").feature(\"i1\").feature(\"mg1\").set(\"saamgcompwise\", true);\nmodel.sol(\"sol1\").feature(\"s1\").feature(\"i1\").feature(\"mg1\").set(\"usesmooth\", false);\nmodel.sol(\"sol1\").feature(\"s1\").feature(\"i1\").feature(\"mg1\").feature(\"pr\").label(\"Presmoother 1\");\nmodel.sol(\"sol1\").feature(\"s1\").feature(\"i1\").feature(\"mg1\").feature(\"pr\").feature(\"soDef\").label(\"SOR 2\");\nmodel.sol(\"sol1\").feature(\"s1\").feature(\"i1\").feature(\"mg1\").feature(\"pr\").feature(\"so1\").label(\"SOR 1.1\");\nmodel.sol(\"sol1\").feature(\"s1\").feature(\"i1\").feature(\"mg1\").feature(\"pr\").feature(\"so1\").set(\"relax\", 0.9);\nmodel.sol(\"sol1\").feature(\"s1\").feature(\"i1\").feature(\"mg1\").feature(\"po\").label(\"Postsmoother 1\");\nmodel.sol(\"sol1\").feature(\"s1\").feature(\"i1\").feature(\"mg1\").feature(\"po\").feature(\"soDef\").label(\"SOR 2\");\nmodel.sol(\"sol1\").feature(\"s1\").feature(\"i1\").feature(\"mg1\").feature(\"po\").feature(\"so1\").label(\"SOR 1.1\");\nmodel.sol(\"sol1\").feature(\"s1\").feature(\"i1\").feature(\"mg1\").feature(\"po\").feature(\"so1\").set(\"relax\", 0.9);\nmodel.sol(\"sol1\").feature(\"s1\").feature(\"i1\").feature(\"mg1\").feature(\"cs\").label(\"Coarse Solver 1\");\nmodel.sol(\"sol1\").feature(\"s1\").feature(\"i1\").feature(\"mg1\").feature(\"cs\").feature(\"dDef\").label(\"Direct 2\");\nmodel.sol(\"sol1\").feature(\"s1\").feature(\"i1\").feature(\"mg1\").feature(\"cs\").feature(\"d1\").label(\"Direct 1.1\");\nmodel.sol(\"sol1\").feature(\"s1\").feature(\"i1\").feature(\"mg1\").feature(\"cs\").feature(\"d1\")\n      .set(\"linsolver\", \"pardiso\");\nmodel.sol(\"sol1\").feature(\"s1\").feature(\"i1\").feature(\"mg1\").feature(\"cs\").feature(\"d1\")\n      .set(\"pivotperturb\", 1.0E-13);\nmodel.sol(\"sol1\").runAll();\n\nmodel.result().dataset(\"rev1\").label(\"Revolution 2D\");\nmodel.result().dataset(\"rev1\").set(\"startangle\", -90);\nmodel.result().dataset(\"rev1\").set(\"revangle\", 225);\nmodel.result().dataset(\"cpt1\").set(\"pointx\", 0.04);\nmodel.result().dataset(\"cpt1\").set(\"pointy\", 0.04);\nmodel.result().numerical(\"pev1\").set(\"data\", \"cpt1\");\nmodel.result().numerical(\"pev1\").set(\"table\", \"tbl1\");\nmodel.result().numerical(\"pev1\").setResult();\nmodel.result().table(\"tbl1\").save(\"OUTPUT_PATH/output.txt\");\n", "selection information": "\nDOMAINS:\nThermal Conductivity applies to the entire geometry, all domains, or Domain 1.\n\nBOUNDARIES:\n* The temperature setting T_0 = 273.15 [K] applies to Boundaries 2, 5 and 6.\n* The constant heat flux applies to  Boundary 3.\n\n", "target_tree": "model\n\u251c\u2500 parameters\n\u2502  \u2514\u2500 Parameters 1\n\u251c\u2500 functions\n\u2502  \u251c\u2500 Analytic\n\u2502  \u251c\u2500 Analytic\n\u2502  \u2514\u2500 Blackbody Radiation Intensity\n\u251c\u2500 components\n\u2502  \u2514\u2500 Component 1\n\u251c\u2500 geometries\n\u2502  \u2514\u2500 Geometry 1\n\u2502     \u251c\u2500 Rectangle 1\n\u2502     \u251c\u2500 Point 1\n\u2502     \u2514\u2500 Form Union\n\u251c\u2500 views\n\u2502  \u2514\u2500 View 1\n\u251c\u2500 selections\n\u251c\u2500 coordinates\n\u2502  \u2514\u2500 Boundary System 1\n\u251c\u2500 variables\n\u2502  \u251c\u2500 Derived Variables 1\n\u2502  \u251c\u2500 Derived Variables 2\n\u2502  \u251c\u2500 Derived Variables 3\n\u2502  \u251c\u2500 Derived Variables 4\n\u2502  \u251c\u2500 Derived Variables 5\n\u2502  \u251c\u2500 Derived Variables 6\n\u2502  \u251c\u2500 Derived Variables 7\n\u2502  \u251c\u2500 Derived Variables 8\n\u2502  \u251c\u2500 Derived Variables 9\n\u2502  \u251c\u2500 Derived Variables 10\n\u2502  \u251c\u2500 Derived Variables 11\n\u2502  \u251c\u2500 Derived Variables 12\n\u2502  \u251c\u2500 Derived Variables 13\n\u2502  \u251c\u2500 Derived Variables 14\n\u2502  \u2514\u2500 Derived Variables 15\n\u251c\u2500 couplings\n\u2502  \u251c\u2500 Integration\n\u2502  \u251c\u2500 Integration\n\u2502  \u251c\u2500 Integration\n\u2502  \u251c\u2500 Integration\n\u2502  \u251c\u2500 Integration\n\u2502  \u251c\u2500 Integration\n\u2502  \u251c\u2500 Integration\n\u2502  \u251c\u2500 Integration\n\u2502  \u251c\u2500 Integration\n\u2502  \u251c\u2500 Integration\n\u2502  \u251c\u2500 Integration\n\u2502  \u251c\u2500 Integration\n\u2502  \u251c\u2500 Integration\n\u2502  \u251c\u2500 Integration\n\u2502  \u251c\u2500 Integration\n\u2502  \u251c\u2500 Integration\n\u2502  \u251c\u2500 Integration\n\u2502  \u251c\u2500 Integration\n\u2502  \u251c\u2500 Integration\n\u2502  \u251c\u2500 Integration\n\u2502  \u251c\u2500 Integration\n\u2502  \u251c\u2500 Integration\n\u2502  \u251c\u2500 Integration\n\u2502  \u251c\u2500 Integration\n\u2502  \u251c\u2500 Integration\n\u2502  \u251c\u2500 Integration\n\u2502  \u251c\u2500 Integration\n\u2502  \u251c\u2500 Integration\n\u2502  \u251c\u2500 Integration\n\u2502  \u251c\u2500 Integration\n\u2502  \u251c\u2500 Integration\n\u2502  \u251c\u2500 Integration\n\u2502  \u251c\u2500 Integration\n\u2502  \u251c\u2500 Integration\n\u2502  \u251c\u2500 Integration\n\u2502  \u251c\u2500 Integration\n\u2502  \u251c\u2500 Integration\n\u2502  \u251c\u2500 Integration\n\u2502  \u2514\u2500 Integration\n\u251c\u2500 physics\n\u2502  \u2514\u2500 Heat Transfer in Solids\n\u2502     \u251c\u2500 Solid 1\n\u2502     \u2502  \u2514\u2500 Opacity 1\n\u2502     \u251c\u2500 Initial Values 1\n\u2502     \u251c\u2500 Axial Symmetry 1\n\u2502     \u251c\u2500 Thermal Insulation 1\n\u2502     \u251c\u2500 Isothermal Domain Interface 1\n\u2502     \u2502  \u2514\u2500 Layer Opacity 1\n\u2502     \u251c\u2500 Local Thermal Nonequilibrium Boundary 1\n\u2502     \u251c\u2500 Opaque Surface 1\n\u2502     \u251c\u2500 Continuity 1\n\u2502     \u251c\u2500 Temperature 1\n\u2502     \u2514\u2500 Heat Flux 1\n\u251c\u2500 multiphysics\n\u251c\u2500 materials\n\u251c\u2500 meshes\n\u2502  \u2514\u2500 Mesh 1\n\u2502     \u251c\u2500 Size\n\u2502     \u2514\u2500 Free Triangular 1\n\u251c\u2500 studies\n\u2502  \u2514\u2500 Study 1\n\u2502     \u2514\u2500 Stationary\n\u251c\u2500 solutions\n\u2502  \u2514\u2500 Solution 1\n\u2502     \u251c\u2500 Compile Equations: Stationary\n\u2502     \u251c\u2500 Dependent Variables 1\n\u2502     \u2502  \u2514\u2500 Temperature (comp1.T)\n\u2502     \u2514\u2500 Stationary Solver 1\n\u2502        \u251c\u2500 Direct\n\u2502        \u251c\u2500 Advanced\n\u2502        \u251c\u2500 Fully Coupled 1\n\u2502        \u251c\u2500 Direct, heat transfer variables (ht)\n\u2502        \u2514\u2500 AMG, heat transfer variables (ht)\n\u2502           \u2514\u2500 Incomplete LU\n\u251c\u2500 batches\n\u251c\u2500 datasets\n\u2502  \u251c\u2500 Study 1//Solution 1\n\u2502  \u2514\u2500 Cut Point 2D 1\n\u251c\u2500 evaluations\n\u2502  \u2514\u2500 Point Evaluation 1\n\u251c\u2500 tables\n\u2502  \u2514\u2500 Table 1\n\u251c\u2500 plots\n\u2514\u2500 exports\n", "selection_information": "\nDOMAINS:\nThermal Conductivity applies to the entire geometry, all domains, or Domain 1.\n\nBOUNDARIES:\n* The temperature setting T_0 = 273.15 [K] applies to Boundaries 2, 5 and 6.\n* The constant heat flux applies to  Boundary 3.\n\n"}