{"comsol_model_id": 265, "target_value": 18.265, "target_units": "degC", "target_description": "Temperature at point P (Point 4) at (x=0.6m, y=0.2m) in degrees Celsius [degC].", "model_specifications": "## Finite Element Analysis Description:\n\n**ANALYSIS TYPE:** Heat conduction\n\n**GEOMETRY:**\n\n* **Domain:** A two-dimensional rectangular region representing a cross-section of a solid material.\n* **Dimensions:**\n    * Width: 0.6 m (along the x-axis)\n    * Height: 1.0 m (along the y-axis)\n* Point P: At location (x=0.6 m, y=0.2 m)\n\n**BOUNDARY CONDITIONS:**\n* Bottom Boundary: Maintained at a prescribed temperature of 100\u00b0C.\n* Upper and Right Boundaries: Convection to temperature of 0\u00b0C.\n* Left Boundary: Insulated (by default)\n\n**MATERIAL PROPERTIES:**\n\n* Conductivity: 52.0 [W/(m .K)]\n* Surface convective heat transfer coefficient (Upper and Right Boundaries): 750.0 W/(m\u00b2.\u00b0C)\n\n**MESHES:**\n\n* You may use a Mapped mesh.\n\n**OUTPUT:**\n\n* Temperature at point P in degrees Celsius [degC].\nExport the table containing this value to OUTPUT_PATH/output.txt.\n", "plan": "## Implementing the 2D Heat Transfer Analysis in COMSOL Multiphysics:\n\n**1. Model Setup:**\n\n* **New Model:** Start by creating a new model in COMSOL Multiphysics.\n* **Space Dimension:** Select 2D for the space dimension.\n* **Physics Interface:** Choose the \"Heat Transfer in Solids\" interface from the Heat Transfer Module.\n* **Study Type** Choose the \"Stationary\" study type.\n\n**2. Geometry Creation:**\n\n* **Rectangle:** Create a rectangular domain with width 0.6 meters and height 1.0 meters.\n* **Point:** Create point P at location (0.6 meters, 0.2 meters).\n\n**3. Material Properties:**\n\n* Define a new blank material.\n* Set the thermal conductivity to 52.0 W/m\u00b0K.\n\n** 4. Explicit Selections:** Create the following explicit selections for the edges (Label: Boundary Number):\n    * Left: Boundary 1\n    * Bottom: Boundary 2\n    * Right: Boundaries 4, 5\n    * Upper: Boundary 3\n\n**4. Boundary Conditions:**\n\n* **Temperature:**\n    * Create a \"Temperature\" boundary condition, assign to Boundary `Bottom', and set the temperature to 100\u00b0C.\n* **Heat Flux 1:**\n    * Create a \"Heat Flux\" boundary condition.\n    * Assign to boundary selection Right.\n    * Set the flux type to \"Convective heat flux\".\n    * Set the heat transfer coefficient to 750.0 W/m\u00b2K.\n    * Set the ambient temperature to 0\u00b0C.\n* **Heat Flux 2:**\n    * Duplicate the Heat Flux 1 boundary condition and assign to boundary selection Upper.\n\n* **Solid 1:**\n    * Locate the Heat Conduction, Solid section under Solid.\n    * From the k list, choose User defined. In the associated text field, type 52.\n\n**5. Meshing:**\n\n* **Mapped Mesh:** Choose a \"Mapped\" mesh type.\n\n**6. Study Setup:**\n\n* **Stationary:** Use the default stationary solver.\n\n**7. Solving the Model:**\n\n* **Compute:** Click \"Compute\" to run the simulation and solve for the temperature distribution.\n\n**8. Post-processing and Results:**\n\n* **Point Evaluation:**\n    * Create a \"Point Evaluation\" for Derived Values.\n    * Select the point P (Point 4).\n    * Evaluate the expression T in \u00b0C.\n    * Export the table it is saved in, Table 1, to OUTPUT_PATH/output.txt.\n", "ground_truth_code": "model.component().create(\"comp1\", true);\n\nmodel.component(\"comp1\").geom().create(\"geom1\", 2);\n\nmodel.result().table().create(\"tbl1\", \"Table\");\n\nmodel.component(\"comp1\").mesh().create(\"mesh1\");\n\nmodel.component(\"comp1\").geom(\"geom1\").create(\"r1\", \"Rectangle\");\nmodel.component(\"comp1\").geom(\"geom1\").feature(\"r1\").set(\"size\", new double[]{0.6, 1});\nmodel.component(\"comp1\").geom(\"geom1\").create(\"pt1\", \"Point\");\nmodel.component(\"comp1\").geom(\"geom1\").feature(\"pt1\").set(\"p\", new double[]{0.6, 0.2});\nmodel.component(\"comp1\").geom(\"geom1\").run();\n\nmodel.component(\"comp1\").selection().create(\"sel1\", \"Explicit\");\nmodel.component(\"comp1\").selection(\"sel1\").geom(\"geom1\", 1);\nmodel.component(\"comp1\").selection(\"sel1\").set(1);\nmodel.component(\"comp1\").selection().create(\"sel2\", \"Explicit\");\nmodel.component(\"comp1\").selection(\"sel2\").geom(\"geom1\", 1);\nmodel.component(\"comp1\").selection(\"sel2\").set(2);\nmodel.component(\"comp1\").selection().create(\"sel3\", \"Explicit\");\nmodel.component(\"comp1\").selection(\"sel3\").geom(\"geom1\", 1);\nmodel.component(\"comp1\").selection(\"sel3\").set(4, 5);\nmodel.component(\"comp1\").selection().create(\"sel4\", \"Explicit\");\nmodel.component(\"comp1\").selection(\"sel4\").geom(\"geom1\", 1);\nmodel.component(\"comp1\").selection(\"sel4\").set(3);\nmodel.component(\"comp1\").selection(\"sel1\").label(\"Left\");\nmodel.component(\"comp1\").selection(\"sel2\").label(\"Bottom\");\nmodel.component(\"comp1\").selection(\"sel3\").label(\"Right\");\nmodel.component(\"comp1\").selection(\"sel4\").label(\"Upper\");\n\nmodel.component(\"comp1\").material().create(\"mat1\", \"Common\");\n\nmodel.component(\"comp1\").physics().create(\"ht\", \"HeatTransfer\", \"geom1\");\nmodel.component(\"comp1\").physics(\"ht\").create(\"temp1\", \"TemperatureBoundary\", 1);\nmodel.component(\"comp1\").physics(\"ht\").feature(\"temp1\").selection().named(\"sel2\");\nmodel.component(\"comp1\").physics(\"ht\").create(\"hf1\", \"HeatFluxBoundary\", 1);\nmodel.component(\"comp1\").physics(\"ht\").feature(\"hf1\").selection().named(\"sel3\");\nmodel.component(\"comp1\").physics(\"ht\").create(\"hf2\", \"HeatFluxBoundary\", 1);\nmodel.component(\"comp1\").physics(\"ht\").feature(\"hf2\").selection().named(\"sel4\");\n\nmodel.component(\"comp1\").mesh(\"mesh1\").create(\"map1\", \"Map\");\n\nmodel.result().table(\"tbl1\").comments(\"Point Evaluation 1\");\n\nmodel.component(\"comp1\").material(\"mat1\").propertyGroup(\"def\")\n      .set(\"thermalconductivity\", new String[]{\"52\", \"0\", \"0\", \"0\", \"52\", \"0\", \"0\", \"0\", \"52\"});\n\nmodel.component(\"comp1\").physics(\"ht\").feature(\"solid1\").set(\"k_mat\", \"userdef\");\nmodel.component(\"comp1\").physics(\"ht\").feature(\"solid1\")\n      .set(\"k\", new int[][]{{52}, {0}, {0}, {0}, {52}, {0}, {0}, {0}, {52}});\nmodel.component(\"comp1\").physics(\"ht\").feature(\"temp1\").set(\"T0\", \"100 [degC]\");\nmodel.component(\"comp1\").physics(\"ht\").feature(\"hf1\").set(\"HeatFluxType\", \"ConvectiveHeatFlux\");\nmodel.component(\"comp1\").physics(\"ht\").feature(\"hf1\").set(\"h\", 750);\nmodel.component(\"comp1\").physics(\"ht\").feature(\"hf1\").set(\"Text\", \"0 [degC]\");\nmodel.component(\"comp1\").physics(\"ht\").feature(\"hf2\").set(\"HeatFluxType\", \"ConvectiveHeatFlux\");\nmodel.component(\"comp1\").physics(\"ht\").feature(\"hf2\").set(\"h\", 750);\nmodel.component(\"comp1\").physics(\"ht\").feature(\"hf2\").set(\"Text\", \"0 [degC]\");\n\nmodel.component(\"comp1\").mesh(\"mesh1\").run();\n\nmodel.study().create(\"std1\");\nmodel.study(\"std1\").create(\"stat\", \"Stationary\");\nmodel.study(\"std1\").run();\n\nmodel.result().numerical().create(\"pev1\", \"EvalPoint\");\nmodel.result().numerical(\"pev1\").selection().set(4);\nmodel.result().numerical(\"pev1\").set(\"probetag\", \"none\");\nmodel.result().numerical(\"pev1\").set(\"table\", \"tbl1\");\nmodel.result().numerical(\"pev1\").set(\"unit\", new String[]{\"degC\"});\nmodel.result().numerical(\"pev1\").setResult();\nmodel.result().table(\"tbl1\").save(\"OUTPUT_PATH/output.txt\");\n", "target_tree": "model\n\u251c\u2500 parameters\n\u2502  \u2514\u2500 Parameters 1\n\u251c\u2500 functions\n\u2502  \u251c\u2500 Analytic\n\u2502  \u251c\u2500 Analytic\n\u2502  \u251c\u2500 Blackbody Radiation Intensity\n\u2502  \u251c\u2500 Smoothed Heaviside Function\n\u2502  \u2514\u2500 Smoothed Heaviside Function\n\u251c\u2500 components\n\u2502  \u2514\u2500 Component 1\n\u251c\u2500 geometries\n\u2502  \u2514\u2500 Geometry 1\n\u2502     \u251c\u2500 Rectangle 1\n\u2502     \u251c\u2500 Point 1\n\u2502     \u2514\u2500 Form Union\n\u251c\u2500 views\n\u2502  \u2514\u2500 View 1\n\u251c\u2500 selections\n\u2502  \u251c\u2500 Left\n\u2502  \u251c\u2500 Bottom\n\u2502  \u251c\u2500 Right\n\u2502  \u2514\u2500 Upper\n\u251c\u2500 coordinates\n\u2502  \u2514\u2500 Boundary System 1\n\u251c\u2500 variables\n\u2502  \u251c\u2500 Derived Variables 1\n\u2502  \u251c\u2500 Derived Variables 2\n\u2502  \u251c\u2500 Derived Variables 3\n\u2502  \u251c\u2500 Derived Variables 4\n\u2502  \u251c\u2500 Derived Variables 5\n\u2502  \u251c\u2500 Derived Variables 6\n\u2502  \u251c\u2500 Derived Variables 7\n\u2502  \u251c\u2500 Derived Variables 8\n\u2502  \u251c\u2500 Derived Variables 9\n\u2502  \u251c\u2500 Derived Variables 10\n\u2502  \u251c\u2500 Derived Variables 11\n\u2502  \u251c\u2500 Derived Variables 12\n\u2502  \u251c\u2500 Derived Variables 13\n\u2502  \u251c\u2500 Derived Variables 14\n\u2502  \u251c\u2500 Derived Variables 15\n\u2502  \u251c\u2500 Derived Variables 16\n\u2502  \u251c\u2500 Derived Variables 17\n\u2502  \u2514\u2500 Derived Variables 18\n\u251c\u2500 couplings\n\u2502  \u251c\u2500 Integration\n\u2502  \u251c\u2500 Integration\n\u2502  \u251c\u2500 Integration\n\u2502  \u251c\u2500 Integration\n\u2502  \u251c\u2500 Integration\n\u2502  \u251c\u2500 Integration\n\u2502  \u251c\u2500 Integration\n\u2502  \u251c\u2500 Integration\n\u2502  \u251c\u2500 Integration\n\u2502  \u251c\u2500 Integration\n\u2502  \u251c\u2500 Integration\n\u2502  \u251c\u2500 Integration\n\u2502  \u251c\u2500 Integration\n\u2502  \u251c\u2500 Integration\n\u2502  \u251c\u2500 Integration\n\u2502  \u251c\u2500 Integration\n\u2502  \u251c\u2500 Integration\n\u2502  \u251c\u2500 Integration\n\u2502  \u251c\u2500 Integration\n\u2502  \u251c\u2500 Integration\n\u2502  \u251c\u2500 Integration\n\u2502  \u251c\u2500 Integration\n\u2502  \u251c\u2500 Integration\n\u2502  \u251c\u2500 Integration\n\u2502  \u251c\u2500 Integration\n\u2502  \u251c\u2500 Integration\n\u2502  \u251c\u2500 Integration\n\u2502  \u251c\u2500 Integration\n\u2502  \u251c\u2500 Integration\n\u2502  \u251c\u2500 Integration\n\u2502  \u251c\u2500 Integration\n\u2502  \u251c\u2500 Integration\n\u2502  \u251c\u2500 Integration\n\u2502  \u251c\u2500 Integration\n\u2502  \u251c\u2500 Integration\n\u2502  \u251c\u2500 Integration\n\u2502  \u251c\u2500 Integration\n\u2502  \u2514\u2500 Integration\n\u251c\u2500 physics\n\u2502  \u2514\u2500 Heat Transfer in Solids\n\u2502     \u251c\u2500 Solid 1\n\u2502     \u2502  \u2514\u2500 Opacity 1\n\u2502     \u251c\u2500 Initial Values 1\n\u2502     \u251c\u2500 Thermal Insulation 1\n\u2502     \u251c\u2500 Isothermal Domain Interface 1\n\u2502     \u2502  \u2514\u2500 Layer Opacity 1\n\u2502     \u251c\u2500 Local Thermal Nonequilibrium Boundary 1\n\u2502     \u251c\u2500 Opaque Surface 1\n\u2502     \u251c\u2500 Continuity on Interior Boundary 1\n\u2502     \u251c\u2500 Continuity 1\n\u2502     \u251c\u2500 Temperature 1\n\u2502     \u251c\u2500 Heat Flux 1\n\u2502     \u2514\u2500 Heat Flux 2\n\u251c\u2500 multiphysics\n\u251c\u2500 materials\n\u2502  \u2514\u2500 Material 1\n\u2502     \u2514\u2500 Basic\n\u251c\u2500 meshes\n\u2502  \u2514\u2500 Mesh 1\n\u2502     \u251c\u2500 Size\n\u2502     \u2514\u2500 Mapped 1\n\u251c\u2500 studies\n\u2502  \u2514\u2500 Study 1\n\u2502     \u2514\u2500 Stationary\n\u251c\u2500 solutions\n\u2502  \u2514\u2500 Solution 1\n\u2502     \u251c\u2500 Compile Equations: Stationary\n\u2502     \u251c\u2500 Dependent Variables 1\n\u2502     \u2502  \u2514\u2500 Temperature (comp1.T)\n\u2502     \u2514\u2500 Stationary Solver 1\n\u2502        \u251c\u2500 Direct\n\u2502        \u251c\u2500 Advanced\n\u2502        \u251c\u2500 Fully Coupled 1\n\u2502        \u251c\u2500 Direct, heat transfer variables (ht)\n\u2502        \u2514\u2500 AMG, heat transfer variables (ht)\n\u2502           \u251c\u2500 Incomplete LU\n\u2502           \u2514\u2500 Multigrid 1\n\u2502              \u251c\u2500 Presmoother\n\u2502              \u2502  \u251c\u2500 SOR\n\u2502              \u2502  \u2514\u2500 SOR 1\n\u2502              \u251c\u2500 Postsmoother\n\u2502              \u2502  \u251c\u2500 SOR\n\u2502              \u2502  \u2514\u2500 SOR 1\n\u2502              \u2514\u2500 Coarse Solver\n\u2502                 \u251c\u2500 Direct\n\u2502                 \u2514\u2500 Direct 1\n\u251c\u2500 batches\n\u251c\u2500 datasets\n\u2502  \u2514\u2500 Study 1//Solution 1\n\u251c\u2500 evaluations\n\u2502  \u2514\u2500 Point Evaluation 1\n\u251c\u2500 tables\n\u2502  \u2514\u2500 Table 1\n\u251c\u2500 plots\n\u2514\u2500 exports\n", "selection_information": "\nDOMAINS:\nMaterial: 1\n\nBOUNDARIES:\nBottom, Temperature (100\u00b0C): Boundary 2\nRight, Convective Flux: Boundaries 4 and 5\nUpper, Convective Flux: Boundary 3\nLeft, Insulated: Boundary 1\n\nPOINTS:\nP: Point 4\n"}