{"comsol_model_id": 266, "target_value": 926.97, "target_units": "K", "target_description": "Temperature at Point 2 (x=0.1m) in K.", "model_specifications": "\n## Steady-State 1D Heat Transfer with Radiation\n\n**ANALYSIS TYPE:** Steady-state heat conduction with surface radiation.\n\n**GEOMETRY:**\n* Domain: One-dimensional bar extending along the x-axis.\n* Length: 0.1 meters\n\n**BOUNDARY CONDITIONS:**\n* Boundary Condition at x=0m: Temperature fixed at 1000 K.\n* Boundary Condition at x=0.1m: Surface-to-ambient radiation with an emissivity of 0.98 and an ambient temperature of 300 K.\n\n**MATERIAL PROPERTIES:**\n* Thermal Conductivity: 55.563 W/(m\u00b7K)\n\n**MESHES:**  Use the default mesh.\n\n**OUTPUT:** The analysis should provide the temperature at point 2 (x=0.1m) in Kelvins [K] (default units are Kelvins).\nExport the table with the output value to OUTPUT_PATH/output.txt\n\n", "plan": "## Implementing the 1D Heat Transfer with Radiation Analysis in COMSOL Multiphysics:\n\n**1. Model Setup:**\n\n*   **New Model:** Start COMSOL Multiphysics and create a new model.\n*   **Space Dimension:** Select 1D for the space dimension.\n*   **Physics Interface:** Choose \"Heat Transfer in Solids\" from the Heat Transfer model.\n*   **Study Type:** Choose the \"Stationary\" study type.\n\n**2. Geometry Definition:**\n\n*   **Interval:** Create an interval from (0 m) to (0.1 m).\n\n**3. Physics Settings:**\n*   **Temperature at A:**\n    *   In the Model Builder window, under Component 1 (comp1) right-click Heat Transfer in Solids (ht) and choose \"Temperature\".\n    *   Select Boundary 1 only.\n    *   In the Settings window for Temperature, locate the Temperature section.\n    *   In the *T<sub>0</sub>* text field, type \"1000\" K.\n\n*   **Surface-to-Ambient Radiation at B:**\n    *   In the Physics toolbar, click \"Boundaries\" and choose \"Surface-to-Ambient Radiation\".\n    *   Select Boundary 2.\n    *   In the Settings window for Surface-to-Ambient Radiation, locate the Surface-to-Ambient Radiation section.\n    *   From the \u03b5 list, choose \"User defined\". In the associated text field, type \"0.98\".\n    *   In the *T<sub>amb</sub>* text field, type \"300\" K.\n\n*   ** Solid I:**\n\n*   **Material:** In the Model Builder window, click \"Solid 1\".\n*   **Thermal Conductivity:** In the Settings window for Solid, locate the Heat Conduction, Solid section. From the *k* list, choose User defined. In the associated text field, type \"55.563\" W/(m\u00b7K).\n\n*   ** Initial Values I:**\n\n*   **Material:** In the Model Builder window, click \"Initial Values 1\".\n*   In the Settings window, locate the Initial Values section. In the T text field, type 1000.\n\n\n**4. Meshing:**\n\n*   **Mesh Creation:** Right-click on \"Mesh 1\" and choose \"Build All\".\n\n**5. Study Settings & Solving:**\n\n*   **Solver Configuration:** Go to the \"Study\" tab and choose \"Compute\".\n\n**6. Analyzing Results:**\n\n*   **Temperature at Point 2:**\n    *  In the Results toolbar, click \"Point Evaluation\".\n    *  Select Boundary 2 (x=0.1m) only.\n    *  In the Settings window for Point Evaluation, click \"Evaluate\".\n    *  Export the table with the value to OUTPUT_PATH/output.txt\n", "ground_truth_code": "model.component().create(\"comp1\", true);\n\nmodel.component(\"comp1\").geom().create(\"geom1\", 1);\n\nmodel.result().table().create(\"tbl1\", \"Table\");\n\nmodel.component(\"comp1\").mesh().create(\"mesh1\");\n\nmodel.component(\"comp1\").geom(\"geom1\").create(\"i1\", \"Interval\");\nmodel.component(\"comp1\").geom(\"geom1\").feature(\"i1\").set(\"coord\", new double[]{0, 0.1});\nmodel.component(\"comp1\").geom(\"geom1\").run();\nmodel.component(\"comp1\").geom(\"geom1\").run(\"fin\");\n\nmodel.component(\"comp1\").physics().create(\"ht\", \"HeatTransfer\", \"geom1\");\nmodel.component(\"comp1\").physics(\"ht\").create(\"temp1\", \"TemperatureBoundary\", 0);\nmodel.component(\"comp1\").physics(\"ht\").feature(\"temp1\").selection().set(1);\nmodel.component(\"comp1\").physics(\"ht\").create(\"sar1\", \"SurfaceToAmbientRadiation\", 0);\nmodel.component(\"comp1\").physics(\"ht\").feature(\"sar1\").selection().set(2);\n\nmodel.result().table(\"tbl1\").comments(\"Point Evaluation 1\");\n\nmodel.component(\"comp1\").physics(\"ht\").feature(\"solid1\").set(\"k_mat\", \"userdef\");\nmodel.component(\"comp1\").physics(\"ht\").feature(\"solid1\")\n      .set(\"k\", new double[][]{{55.563}, {0}, {0}, {0}, {55.563}, {0}, {0}, {0}, {55.563}});\nmodel.component(\"comp1\").physics(\"ht\").feature(\"init1\").set(\"Tinit\", \"1000[K]\");\nmodel.component(\"comp1\").physics(\"ht\").feature(\"temp1\").set(\"T0\", \"1000 [K]\");\nmodel.component(\"comp1\").physics(\"ht\").feature(\"sar1\").set(\"epsilon_rad_mat\", \"userdef\");\nmodel.component(\"comp1\").physics(\"ht\").feature(\"sar1\").set(\"epsilon_rad\", 0.98);\nmodel.component(\"comp1\").physics(\"ht\").feature(\"sar1\").set(\"Tamb\", \"300[K]\");\n\nmodel.study().create(\"std1\");\nmodel.study(\"std1\").create(\"stat\", \"Stationary\");\n\nmodel.sol().create(\"sol1\");\nmodel.sol(\"sol1\").study(\"std1\");\nmodel.sol(\"sol1\").attach(\"std1\");\nmodel.sol(\"sol1\").create(\"st1\", \"StudyStep\");\nmodel.sol(\"sol1\").create(\"v1\", \"Variables\");\nmodel.sol(\"sol1\").create(\"s1\", \"Stationary\");\nmodel.sol(\"sol1\").feature(\"s1\").create(\"fc1\", \"FullyCoupled\");\nmodel.sol(\"sol1\").feature(\"s1\").create(\"d1\", \"Direct\");\nmodel.sol(\"sol1\").feature(\"s1\").create(\"i1\", \"Iterative\");\nmodel.sol(\"sol1\").feature(\"s1\").feature(\"i1\").create(\"mg1\", \"Multigrid\");\nmodel.sol(\"sol1\").feature(\"s1\").feature(\"i1\").feature(\"mg1\").feature(\"pr\").create(\"so1\", \"SOR\");\nmodel.sol(\"sol1\").feature(\"s1\").feature(\"i1\").feature(\"mg1\").feature(\"po\").create(\"so1\", \"SOR\");\nmodel.sol(\"sol1\").feature(\"s1\").feature(\"i1\").feature(\"mg1\").feature(\"cs\").create(\"d1\", \"Direct\");\nmodel.sol(\"sol1\").feature(\"s1\").feature().remove(\"fcDef\");\n\nmodel.result().numerical().create(\"pev1\", \"EvalPoint\");\nmodel.result().numerical(\"pev1\").selection().set(2);\nmodel.result().numerical(\"pev1\").set(\"probetag\", \"none\");\nmodel.result().create(\"pg1\", \"PlotGroup1D\");\nmodel.result(\"pg1\").create(\"lngr1\", \"LineGraph\");\nmodel.result(\"pg1\").feature(\"lngr1\").set(\"xdata\", \"expr\");\nmodel.result(\"pg1\").feature(\"lngr1\").selection().set(1);\n\nmodel.sol(\"sol1\").attach(\"std1\");\nmodel.sol(\"sol1\").feature(\"st1\").label(\"Compile Equations: Stationary\");\nmodel.sol(\"sol1\").feature(\"v1\").label(\"Dependent Variables 1.1\");\nmodel.sol(\"sol1\").feature(\"s1\").label(\"Stationary Solver 1.1\");\nmodel.sol(\"sol1\").feature(\"s1\").feature(\"dDef\").label(\"Direct 2\");\nmodel.sol(\"sol1\").feature(\"s1\").feature(\"aDef\").label(\"Advanced 1\");\nmodel.sol(\"sol1\").feature(\"s1\").feature(\"fc1\").label(\"Fully Coupled 1.1\");\nmodel.sol(\"sol1\").feature(\"s1\").feature(\"fc1\").set(\"linsolver\", \"d1\");\nmodel.sol(\"sol1\").feature(\"s1\").feature(\"fc1\").set(\"initstep\", 0.01);\nmodel.sol(\"sol1\").feature(\"s1\").feature(\"fc1\").set(\"minstep\", 1.0E-6);\nmodel.sol(\"sol1\").feature(\"s1\").feature(\"fc1\").set(\"maxiter\", 50);\nmodel.sol(\"sol1\").feature(\"s1\").feature(\"fc1\").set(\"termonres\", false);\nmodel.sol(\"sol1\").feature(\"s1\").feature(\"d1\").label(\"Direct, heat transfer variables (ht)\");\nmodel.sol(\"sol1\").feature(\"s1\").feature(\"d1\").set(\"linsolver\", \"pardiso\");\nmodel.sol(\"sol1\").feature(\"s1\").feature(\"d1\").set(\"pivotperturb\", 1.0E-13);\nmodel.sol(\"sol1\").feature(\"s1\").feature(\"i1\").label(\"AMG, heat transfer variables (ht)\");\nmodel.sol(\"sol1\").feature(\"s1\").feature(\"i1\").set(\"nlinnormuse\", true);\nmodel.sol(\"sol1\").feature(\"s1\").feature(\"i1\").set(\"rhob\", 20);\nmodel.sol(\"sol1\").feature(\"s1\").feature(\"i1\").feature(\"ilDef\").label(\"Incomplete LU 1\");\nmodel.sol(\"sol1\").feature(\"s1\").feature(\"i1\").feature(\"mg1\").label(\"Multigrid 1.1\");\nmodel.sol(\"sol1\").feature(\"s1\").feature(\"i1\").feature(\"mg1\").set(\"prefun\", \"saamg\");\nmodel.sol(\"sol1\").feature(\"s1\").feature(\"i1\").feature(\"mg1\").set(\"maxcoarsedof\", 50000);\nmodel.sol(\"sol1\").feature(\"s1\").feature(\"i1\").feature(\"mg1\").set(\"saamgcompwise\", true);\nmodel.sol(\"sol1\").feature(\"s1\").feature(\"i1\").feature(\"mg1\").set(\"usesmooth\", false);\nmodel.sol(\"sol1\").feature(\"s1\").feature(\"i1\").feature(\"mg1\").feature(\"pr\").label(\"Presmoother 1\");\nmodel.sol(\"sol1\").feature(\"s1\").feature(\"i1\").feature(\"mg1\").feature(\"pr\").feature(\"soDef\").label(\"SOR 2\");\nmodel.sol(\"sol1\").feature(\"s1\").feature(\"i1\").feature(\"mg1\").feature(\"pr\").feature(\"so1\").label(\"SOR 1.1\");\nmodel.sol(\"sol1\").feature(\"s1\").feature(\"i1\").feature(\"mg1\").feature(\"pr\").feature(\"so1\").set(\"relax\", 0.9);\nmodel.sol(\"sol1\").feature(\"s1\").feature(\"i1\").feature(\"mg1\").feature(\"po\").label(\"Postsmoother 1\");\nmodel.sol(\"sol1\").feature(\"s1\").feature(\"i1\").feature(\"mg1\").feature(\"po\").feature(\"soDef\").label(\"SOR 2\");\nmodel.sol(\"sol1\").feature(\"s1\").feature(\"i1\").feature(\"mg1\").feature(\"po\").feature(\"so1\").label(\"SOR 1.1\");\nmodel.sol(\"sol1\").feature(\"s1\").feature(\"i1\").feature(\"mg1\").feature(\"po\").feature(\"so1\").set(\"relax\", 0.9);\nmodel.sol(\"sol1\").feature(\"s1\").feature(\"i1\").feature(\"mg1\").feature(\"cs\").label(\"Coarse Solver 1\");\nmodel.sol(\"sol1\").feature(\"s1\").feature(\"i1\").feature(\"mg1\").feature(\"cs\").feature(\"dDef\").label(\"Direct 2\");\nmodel.sol(\"sol1\").feature(\"s1\").feature(\"i1\").feature(\"mg1\").feature(\"cs\").feature(\"d1\").label(\"Direct 1.1\");\nmodel.sol(\"sol1\").feature(\"s1\").feature(\"i1\").feature(\"mg1\").feature(\"cs\").feature(\"d1\")\n      .set(\"linsolver\", \"pardiso\");\nmodel.sol(\"sol1\").feature(\"s1\").feature(\"i1\").feature(\"mg1\").feature(\"cs\").feature(\"d1\")\n      .set(\"pivotperturb\", 1.0E-13);\nmodel.sol(\"sol1\").runAll();\n\nmodel.result().numerical(\"pev1\").set(\"table\", \"tbl1\");\nmodel.result().numerical(\"pev1\").setResult();\nmodel.result().table(\"tbl1\").save(\"OUTPUT_PATH/output.txt\");\n", "target_tree": "model\n\u251c\u2500 parameters\n\u2502  \u2514\u2500 Parameters 1\n\u251c\u2500 functions\n\u2502  \u251c\u2500 Analytic\n\u2502  \u2514\u2500 Analytic\n\u251c\u2500 components\n\u2502  \u2514\u2500 Component 1\n\u251c\u2500 geometries\n\u2502  \u2514\u2500 Geometry 1\n\u2502     \u251c\u2500 Interval 1\n\u2502     \u2514\u2500 Form Union\n\u251c\u2500 views\n\u2502  \u2514\u2500 View 1\n\u251c\u2500 selections\n\u251c\u2500 coordinates\n\u251c\u2500 variables\n\u2502  \u251c\u2500 Derived Variables 1\n\u2502  \u251c\u2500 Derived Variables 2\n\u2502  \u251c\u2500 Derived Variables 3\n\u2502  \u251c\u2500 Derived Variables 4\n\u2502  \u251c\u2500 Derived Variables 5\n\u2502  \u251c\u2500 Derived Variables 6\n\u2502  \u251c\u2500 Derived Variables 7\n\u2502  \u251c\u2500 Derived Variables 8\n\u2502  \u251c\u2500 Derived Variables 9\n\u2502  \u2514\u2500 Derived Variables 10\n\u251c\u2500 couplings\n\u2502  \u251c\u2500 Integration\n\u2502  \u251c\u2500 Integration\n\u2502  \u251c\u2500 Integration\n\u2502  \u251c\u2500 Integration\n\u2502  \u251c\u2500 Integration\n\u2502  \u251c\u2500 Integration\n\u2502  \u251c\u2500 Integration\n\u2502  \u251c\u2500 Integration\n\u2502  \u251c\u2500 Integration\n\u2502  \u251c\u2500 Integration\n\u2502  \u251c\u2500 Integration\n\u2502  \u251c\u2500 Integration\n\u2502  \u251c\u2500 Integration\n\u2502  \u251c\u2500 Integration\n\u2502  \u251c\u2500 Integration\n\u2502  \u251c\u2500 Integration\n\u2502  \u251c\u2500 Integration\n\u2502  \u251c\u2500 Integration\n\u2502  \u251c\u2500 Integration\n\u2502  \u251c\u2500 Integration\n\u2502  \u251c\u2500 Integration\n\u2502  \u251c\u2500 Integration\n\u2502  \u251c\u2500 Integration\n\u2502  \u251c\u2500 Integration\n\u2502  \u251c\u2500 Integration\n\u2502  \u2514\u2500 Integration\n\u251c\u2500 physics\n\u2502  \u2514\u2500 Heat Transfer in Solids\n\u2502     \u251c\u2500 Solid 1\n\u2502     \u2502  \u2514\u2500 Opacity 1\n\u2502     \u251c\u2500 Initial Values 1\n\u2502     \u251c\u2500 Thermal Insulation 1\n\u2502     \u251c\u2500 Isothermal Domain Interface 1\n\u2502     \u2502  \u2514\u2500 Layer Opacity 1\n\u2502     \u251c\u2500 Local Thermal Nonequilibrium Boundary 1\n\u2502     \u251c\u2500 Continuity 1\n\u2502     \u251c\u2500 Temperature 1\n\u2502     \u2514\u2500 Surface-to-Ambient Radiation 1\n\u251c\u2500 multiphysics\n\u251c\u2500 materials\n\u251c\u2500 meshes\n\u2502  \u2514\u2500 Mesh 1\n\u2502     \u251c\u2500 Size\n\u2502     \u2514\u2500 Edge 1\n\u251c\u2500 studies\n\u2502  \u2514\u2500 Study 1\n\u2502     \u2514\u2500 Stationary\n\u251c\u2500 solutions\n\u2502  \u2514\u2500 Solution 1\n\u2502     \u251c\u2500 Compile Equations: Stationary\n\u2502     \u251c\u2500 Dependent Variables 1.1\n\u2502     \u2502  \u2514\u2500 Temperature (comp1.T)\n\u2502     \u2514\u2500 Stationary Solver 1.1\n\u2502        \u251c\u2500 Direct 2\n\u2502        \u251c\u2500 Advanced 1\n\u2502        \u251c\u2500 Fully Coupled 1.1\n\u2502        \u251c\u2500 Direct, heat transfer variables (ht)\n\u2502        \u2514\u2500 AMG, heat transfer variables (ht)\n\u2502           \u251c\u2500 Incomplete LU 1\n\u2502           \u2514\u2500 Multigrid 1.1\n\u2502              \u251c\u2500 Presmoother 1\n\u2502              \u2502  \u251c\u2500 SOR 2\n\u2502              \u2502  \u2514\u2500 SOR 1.1\n\u2502              \u251c\u2500 Postsmoother 1\n\u2502              \u2502  \u251c\u2500 SOR 2\n\u2502              \u2502  \u2514\u2500 SOR 1.1\n\u2502              \u2514\u2500 Coarse Solver 1\n\u2502                 \u251c\u2500 Direct 2\n\u2502                 \u2514\u2500 Direct 1.1\n\u251c\u2500 batches\n\u251c\u2500 datasets\n\u2502  \u2514\u2500 Study 1//Solution 1\n\u251c\u2500 evaluations\n\u2502  \u2514\u2500 Point Evaluation 1\n\u251c\u2500 tables\n\u2502  \u2514\u2500 Table 1\n\u251c\u2500 plots\n\u2502  \u2514\u2500 1D Plot Group 1\n\u2502     \u2514\u2500 Line Graph 1\n\u2514\u2500 exports\n", "selection_information": "BOUNDARIES:\n* Temperature: Boundary 1\n* Surface-to-Ambient Radiation: Boundary 2\n* Evaluation Point: Boundary 2 (x=0.1m)\n"}