{"comsol_model_id": 10275, "target_value": 0.0526, "target_units": "m/s", "target_description": "The absolute magnitude of the acoustic velocity (in m/s) at the center of the waveguide (x = L/2, y = 0, z = 0).", "model_specifications": "\n## Finite Element Analysis of a Uniform Layer Waveguide with Thermoviscous Losses\n\n**ANALYSIS TYPE:** Thermoviscous acoustics, frequency domain\n\n**PARAMETERS:**\n===\nf0 500[Hz] Frequency\nT0 293[K] Ambient temperature\np0 1[atm] Atmospheric pressure\nH 1[mm] Waveguide height\nL 5[mm] Waveguide side lengths\npin 1[Pa] Inlet pressure\nd_visc 0.22[mm]*sqrt(100[Hz]/f0) Viscous boundary layer thickness of air at 20 degrees C and 1 atm\n===\n\n**VARIABLES:**\n===\nZ0 ta.rho0*ta.c Characteristic impedance\nk0 ta.omega/ta.c Acoustic wave number\nkv sqrt(-i*ta.omega*ta.rho0/ta.mu) Viscous wave number\nkth sqrt(-i*ta.omega*ta.rho0*ta.Cp/ta.kcond) Thermal wave number\nPv 1-cos(kv*z)/cos(kv*H/2) Scalar viscous field\nPth 1-cos(kth*z)/cos(kth*H/2) Scalar thermal field\n===\n\n\n**GEOMETRY:**\n\n* A rectangular box representing a section of an infinitely wide slit.\n* Width: L = 5 mm\n* Height: H = 1 mm\n* Depth: L = 5 mm\n* Position: z = -H/2\n\n**BOUNDARY CONDITIONS:**\n\n* **Symmetry:** Applied to the front and back faces corresponding to (y=0mm and y=5mm) of the box.\n* **Acoustic Pressure (Adiabatic):**\n    * Adiabatic Pressure Boundary 1: Applied to the face at (x=0 mm) with a pressure of pin = 1 Pa.\n    * Adiabatic Pressure Boundary 2: Applied to the opposite face (x=5mm) with a pressure of 0 Pa.\n\n**MATERIAL PROPERTIES:**\n\n* Air\n\n**STUDY:**\n\n* Frequency (f0): 500 Hz\n\n**MESHES:**\n\n* Ensure the mesh adequately resolves the acoustic boundary layers, which are on the order of 0.1 mm for this problem. Use boundary layer meshing near the top and bottom walls.\n\n**OUTPUT:**\n\nCalculate the absolute magnitude of the acoustic velocity (in m/s) at the center of the waveguide (x = L/2, y = 0, z = 0).\nExport the table containing this value to OUTPUT_PATH/output.txt.\n\n", "plan": "\n## Implementing the Uniform Layer Waveguide Analysis in COMSOL Multiphysics:\n\n**1. Model Setup:**\n\n* **New Model:** Start COMSOL Multiphysics and create a new model.\n* **Space Dimension:** Select 3D for the space dimension.\n* **Physics Interface:** Choose *Acoustics>Thermoviscous Acoustics>Thermoviscous Acoustics, Frequency Domain (ta)*.\n* **Study Type:** Choose *General Studies>Frequency Domain*.\n\n**2. Global Definitions:**\n\n* **Parameters:**\n    * Add the following parameters:\n===\nf0 500[Hz] Frequency\nT0 293[K] Ambient temperature\np0 1[atm] Atmospheric pressure\nH 1[mm] Waveguide height\nL 5[mm] Waveguide side lengths\npin 1[Pa] Inlet pressure\nd_visc 0.22[mm]*sqrt(100[Hz]/f0) Viscous boundary layer thickness of air at 20 degrees C and 1 atm\n===\n\n* **Variables:**\n    * Add the following variables:\n===\nZ0 ta.rho0*ta.c Characteristic impedance\nk0 ta.omega/ta.c Acoustic wave number\nkv sqrt(-i*ta.omega*ta.rho0/ta.mu) Viscous wave number\nkth sqrt(-i*ta.omega*ta.rho0*ta.Cp/ta.kcond) Thermal wave number\nPv 1-cos(kv*z)/cos(kv*H/2) Scalar viscous field\nPth 1-cos(kth*z)/cos(kth*H/2) Scalar thermal field\n===\n\n\n**3. Geometry:**\n\n* **Block:** Create a block with the following dimensions:\n    * Width: L\n    * Depth: L\n    * Height: H\n    * Position: z = -H/2\n\n**4. Material Properties:**\n\n* **Add Material:**\n    * Add the built-in material \"Air\" to the Component.\n\n**5. Thermoviscous Acoustics Model:**\n\n* **Model Inputs:**\n    * Set T0 to the parameter *T0*.\n    * Set p0 to the parameter *p0*.\n\n**6. Boundary Conditions:**\n\n* **Symmetry:**\n    * Apply to Boundaries 2 and 5.\n* **Pressure (Adiabatic) I:**\n    * Apply to Boundary 1. Set *pbnd* to *pin*.\n* **Pressure (Adiabatic) II:**\n    * Apply to Boundary 6.\n\n**7. Meshing:**\n\n* **Mapped:**\n    * Apply to Boundary 1.\n  **Distribution I:**\n    * Set *Distribution>Number of elements* to 3.\n    * Select Edges 4 and 6.\n* **Swept:**\n    * Click Swept\n  ** Distribution I:**\n    * Right-click Swept 1 and choose Distribution.\n    * Right-click Distribution 1 and build.\n* **Boundary Layers:**\n    * Apply to Boundaries 3 and 4.\n    * Set *Layers>Number of Layers* to 5.\n    * Set *Thickness specification* to *All layers*.\n    * Set *Total thickness* to  `pi*d_visc`.\n* **Build All:** Click *Build All* to generate the mesh.\n\n**8. Study Setup:**\n\n* **Frequency Domain:**\n    * Set *Frequencies* to `f0`.\n\n**9. Solve:**\n\n* **Compute:** Click *Compute* to run the analysis.\n\n**10. Post-processing:**\n\n* **Point Evaluation:**\n    * Add a *Point Evaluation* node.\n    * Set the point coordinates to (L/2, 0, 0).\n    * Evaluate the expression `abs(u)` to obtain the magnitude of the acoustic velocity at the center of the waveguide.\n    * Export the table containing this value to OUTPUT_PATH/output.txt\n", "ground_truth_code": "\nmodel.param().set(\"f0\", \"500[Hz]\", \"Frequency\");\nmodel.param().set(\"T0\", \"293[K]\", \"Ambient temperature\");\nmodel.param().set(\"p0\", \"1[atm]\", \"Atmospheric pressure\");\nmodel.param().set(\"H\", \"1[mm]\", \"Waveguide height\");\nmodel.param().set(\"L\", \"5[mm]\", \"Waveguide side lengths\");\nmodel.param().set(\"pin\", \"1[Pa]\", \"Inlet pressure\");\nmodel.param()\n      .set(\"d_visc\", \"0.22[mm]*sqrt(100[Hz]/f0)\", \"Viscous boundary layer thickness of air at 20 degrees C and 1 atm\");\n\nmodel.component().create(\"comp1\", true);\n\nmodel.component(\"comp1\").geom().create(\"geom1\", 3);\n\nmodel.result().table().create(\"tbl1\", \"Table\");\n\nmodel.component(\"comp1\").mesh().create(\"mesh1\");\n\nmodel.component(\"comp1\").geom(\"geom1\").geomRep(\"comsol\");\nmodel.component(\"comp1\").geom(\"geom1\").create(\"blk1\", \"Block\");\nmodel.component(\"comp1\").geom(\"geom1\").feature(\"blk1\").set(\"pos\", new String[]{\"0\", \"0\", \"-H/2\"});\nmodel.component(\"comp1\").geom(\"geom1\").feature(\"blk1\").set(\"size\", new String[]{\"L\", \"L\", \"H\"});\nmodel.component(\"comp1\").geom(\"geom1\").run();\n\nmodel.component(\"comp1\").variable().create(\"var1\");\nmodel.component(\"comp1\").variable(\"var1\").set(\"Z0\", \"ta.rho0*ta.c\", \"Characteristic impedance\");\nmodel.component(\"comp1\").variable(\"var1\").set(\"k0\", \"ta.omega/ta.c\", \"Acoustic wave number\");\nmodel.component(\"comp1\").variable(\"var1\").set(\"kv\", \"sqrt(-i*ta.omega*ta.rho0/ta.mu)\", \"Viscous wave number\");\nmodel.component(\"comp1\").variable(\"var1\")\n      .set(\"kth\", \"sqrt(-i*ta.omega*ta.rho0*ta.Cp/ta.kcond)\", \"Thermal wave number\");\nmodel.component(\"comp1\").variable(\"var1\").set(\"Pv\", \"1-cos(kv*z)/cos(kv*H/2)\", \"Scalar viscous field\");\nmodel.component(\"comp1\").variable(\"var1\").set(\"Pth\", \"1-cos(kth*z)/cos(kth*H/2)\", \"Scalar thermal field\");\nmodel.component(\"comp1\").variable(\"var1\").set(\"Uana\", \"-Pv*(pin/L)/(i*k0*Z0)\", \"Analytical x-velocity profile\");\nmodel.component(\"comp1\").variable(\"var1\")\n      .set(\"Tana\", \"Pth*(pin/2)/(ta.rho0*ta.Cp)\", \"Analytical temperature profile\");\n\nmodel.component(\"comp1\").material().create(\"mat1\", \"Common\");\nmodel.component(\"comp1\").material(\"mat1\").propertyGroup(\"def\").func().create(\"eta\", \"Piecewise\");\nmodel.component(\"comp1\").material(\"mat1\").propertyGroup(\"def\").func().create(\"Cp\", \"Piecewise\");\nmodel.component(\"comp1\").material(\"mat1\").propertyGroup(\"def\").func().create(\"rho\", \"Analytic\");\nmodel.component(\"comp1\").material(\"mat1\").propertyGroup(\"def\").func().create(\"k\", \"Piecewise\");\nmodel.component(\"comp1\").material(\"mat1\").propertyGroup(\"def\").func().create(\"cs\", \"Analytic\");\nmodel.component(\"comp1\").material(\"mat1\").propertyGroup(\"def\").func().create(\"an1\", \"Analytic\");\nmodel.component(\"comp1\").material(\"mat1\").propertyGroup(\"def\").func().create(\"an2\", \"Analytic\");\nmodel.component(\"comp1\").material(\"mat1\").propertyGroup().create(\"RefractiveIndex\", \"Refractive index\");\nmodel.component(\"comp1\").material(\"mat1\").propertyGroup().create(\"NonlinearModel\", \"Nonlinear model\");\nmodel.component(\"comp1\").material(\"mat1\").propertyGroup().create(\"idealGas\", \"Ideal gas\");\nmodel.component(\"comp1\").material(\"mat1\").propertyGroup(\"idealGas\").func().create(\"Cp\", \"Piecewise\");\n\nmodel.component(\"comp1\").physics().create(\"ta\", \"ThermoacousticsSinglePhysics\", \"geom1\");\nmodel.component(\"comp1\").physics(\"ta\").create(\"sym1\", \"Symmetry\", 2);\nmodel.component(\"comp1\").physics(\"ta\").feature(\"sym1\").selection().set(2, 5);\nmodel.component(\"comp1\").physics(\"ta\").create(\"pra1\", \"PressureAdiabatic\", 2);\nmodel.component(\"comp1\").physics(\"ta\").feature(\"pra1\").selection().set(1);\nmodel.component(\"comp1\").physics(\"ta\").create(\"pra2\", \"PressureAdiabatic\", 2);\nmodel.component(\"comp1\").physics(\"ta\").feature(\"pra2\").selection().set(6);\n\nmodel.component(\"comp1\").mesh(\"mesh1\").create(\"map1\", \"Map\");\nmodel.component(\"comp1\").mesh(\"mesh1\").create(\"swe1\", \"Sweep\");\nmodel.component(\"comp1\").mesh(\"mesh1\").create(\"bl1\", \"BndLayer\");\nmodel.component(\"comp1\").mesh(\"mesh1\").feature(\"map1\").selection().set(1);\nmodel.component(\"comp1\").mesh(\"mesh1\").feature(\"map1\").create(\"dis1\", \"Distribution\");\nmodel.component(\"comp1\").mesh(\"mesh1\").feature(\"map1\").feature(\"dis1\").selection().set(4, 6);\nmodel.component(\"comp1\").mesh(\"mesh1\").feature(\"swe1\").create(\"dis1\", \"Distribution\");\nmodel.component(\"comp1\").mesh(\"mesh1\").feature(\"bl1\").create(\"blp\", \"BndLayerProp\");\nmodel.component(\"comp1\").mesh(\"mesh1\").feature(\"bl1\").feature(\"blp\").selection().set(3, 4);\n\nmodel.result().table(\"tbl1\").comments(\"Point Evaluation 1\");\n\nmodel.component(\"comp1\").material(\"mat1\").label(\"Air\");\nmodel.component(\"comp1\").material(\"mat1\").set(\"family\", \"air\");\nmodel.component(\"comp1\").material(\"mat1\").propertyGroup(\"def\").func(\"eta\").set(\"arg\", \"T\");\nmodel.component(\"comp1\").material(\"mat1\").propertyGroup(\"def\").func(\"eta\")\n      .set(\"pieces\", new String[][]{{\"200.0\", \"1600.0\", \"-8.38278E-7+8.35717342E-8*T^1-7.69429583E-11*T^2+4.6437266E-14*T^3-1.06585607E-17*T^4\"}});\nmodel.component(\"comp1\").material(\"mat1\").propertyGroup(\"def\").func(\"eta\").set(\"argunit\", \"K\");\nmodel.component(\"comp1\").material(\"mat1\").propertyGroup(\"def\").func(\"eta\").set(\"fununit\", \"Pa*s\");\nmodel.component(\"comp1\").material(\"mat1\").propertyGroup(\"def\").func(\"Cp\").set(\"arg\", \"T\");\nmodel.component(\"comp1\").material(\"mat1\").propertyGroup(\"def\").func(\"Cp\")\n      .set(\"pieces\", new String[][]{{\"200.0\", \"1600.0\", \"1047.63657-0.372589265*T^1+9.45304214E-4*T^2-6.02409443E-7*T^3+1.2858961E-10*T^4\"}});\nmodel.component(\"comp1\").material(\"mat1\").propertyGroup(\"def\").func(\"Cp\").set(\"argunit\", \"K\");\nmodel.component(\"comp1\").material(\"mat1\").propertyGroup(\"def\").func(\"Cp\").set(\"fununit\", \"J/(kg*K)\");\nmodel.component(\"comp1\").material(\"mat1\").propertyGroup(\"def\").func(\"rho\")\n      .set(\"expr\", \"pA*0.02897/R_const[K*mol/J]/T\");\nmodel.component(\"comp1\").material(\"mat1\").propertyGroup(\"def\").func(\"rho\").set(\"args\", new String[]{\"pA\", \"T\"});\nmodel.component(\"comp1\").material(\"mat1\").propertyGroup(\"def\").func(\"rho\").set(\"fununit\", \"kg/m^3\");\nmodel.component(\"comp1\").material(\"mat1\").propertyGroup(\"def\").func(\"rho\")\n      .set(\"argunit\", new String[]{\"Pa\", \"K\"});\nmodel.component(\"comp1\").material(\"mat1\").propertyGroup(\"def\").func(\"rho\")\n      .set(\"plotargs\", new String[][]{{\"pA\", \"101325\", \"101325\"}, {\"T\", \"273.15\", \"293.15\"}});\nmodel.component(\"comp1\").material(\"mat1\").propertyGroup(\"def\").func(\"k\").set(\"arg\", \"T\");\nmodel.component(\"comp1\").material(\"mat1\").propertyGroup(\"def\").func(\"k\")\n      .set(\"pieces\", new String[][]{{\"200.0\", \"1600.0\", \"-0.00227583562+1.15480022E-4*T^1-7.90252856E-8*T^2+4.11702505E-11*T^3-7.43864331E-15*T^4\"}});\nmodel.component(\"comp1\").material(\"mat1\").propertyGroup(\"def\").func(\"k\").set(\"argunit\", \"K\");\nmodel.component(\"comp1\").material(\"mat1\").propertyGroup(\"def\").func(\"k\").set(\"fununit\", \"W/(m*K)\");\nmodel.component(\"comp1\").material(\"mat1\").propertyGroup(\"def\").func(\"cs\")\n      .set(\"expr\", \"sqrt(1.4*R_const[K*mol/J]/0.02897*T)\");\nmodel.component(\"comp1\").material(\"mat1\").propertyGroup(\"def\").func(\"cs\").set(\"args\", new String[]{\"T\"});\nmodel.component(\"comp1\").material(\"mat1\").propertyGroup(\"def\").func(\"cs\").set(\"fununit\", \"m/s\");\nmodel.component(\"comp1\").material(\"mat1\").propertyGroup(\"def\").func(\"cs\").set(\"argunit\", new String[]{\"K\"});\nmodel.component(\"comp1\").material(\"mat1\").propertyGroup(\"def\").func(\"cs\")\n      .set(\"plotargs\", new String[][]{{\"T\", \"273.15\", \"373.15\"}});\nmodel.component(\"comp1\").material(\"mat1\").propertyGroup(\"def\").func(\"an1\").set(\"funcname\", \"alpha_p\");\nmodel.component(\"comp1\").material(\"mat1\").propertyGroup(\"def\").func(\"an1\")\n      .set(\"expr\", \"-1/rho(pA,T)*d(rho(pA,T),T)\");\nmodel.component(\"comp1\").material(\"mat1\").propertyGroup(\"def\").func(\"an1\").set(\"args\", new String[]{\"pA\", \"T\"});\nmodel.component(\"comp1\").material(\"mat1\").propertyGroup(\"def\").func(\"an1\").set(\"fununit\", \"1/K\");\nmodel.component(\"comp1\").material(\"mat1\").propertyGroup(\"def\").func(\"an1\")\n      .set(\"argunit\", new String[]{\"Pa\", \"K\"});\nmodel.component(\"comp1\").material(\"mat1\").propertyGroup(\"def\").func(\"an1\")\n      .set(\"plotargs\", new String[][]{{\"pA\", \"101325\", \"101325\"}, {\"T\", \"273.15\", \"373.15\"}});\nmodel.component(\"comp1\").material(\"mat1\").propertyGroup(\"def\").func(\"an2\").set(\"funcname\", \"muB\");\nmodel.component(\"comp1\").material(\"mat1\").propertyGroup(\"def\").func(\"an2\").set(\"expr\", \"0.6*eta(T)\");\nmodel.component(\"comp1\").material(\"mat1\").propertyGroup(\"def\").func(\"an2\").set(\"args\", new String[]{\"T\"});\nmodel.component(\"comp1\").material(\"mat1\").propertyGroup(\"def\").func(\"an2\").set(\"fununit\", \"Pa*s\");\nmodel.component(\"comp1\").material(\"mat1\").propertyGroup(\"def\").func(\"an2\").set(\"argunit\", new String[]{\"K\"});\nmodel.component(\"comp1\").material(\"mat1\").propertyGroup(\"def\").func(\"an2\")\n      .set(\"plotargs\", new String[][]{{\"T\", \"200\", \"1600\"}});\nmodel.component(\"comp1\").material(\"mat1\").propertyGroup(\"def\").set(\"thermalexpansioncoefficient\", \"\");\nmodel.component(\"comp1\").material(\"mat1\").propertyGroup(\"def\").set(\"molarmass\", \"\");\nmodel.component(\"comp1\").material(\"mat1\").propertyGroup(\"def\").set(\"bulkviscosity\", \"\");\nmodel.component(\"comp1\").material(\"mat1\").propertyGroup(\"def\")\n      .set(\"thermalexpansioncoefficient\", new String[]{\"alpha_p(pA,T)\", \"0\", \"0\", \"0\", \"alpha_p(pA,T)\", \"0\", \"0\", \"0\", \"alpha_p(pA,T)\"});\nmodel.component(\"comp1\").material(\"mat1\").propertyGroup(\"def\").set(\"molarmass\", \"0.02897[kg/mol]\");\nmodel.component(\"comp1\").material(\"mat1\").propertyGroup(\"def\").set(\"bulkviscosity\", \"muB(T)\");\nmodel.component(\"comp1\").material(\"mat1\").propertyGroup(\"def\")\n      .set(\"relpermeability\", new String[]{\"1\", \"0\", \"0\", \"0\", \"1\", \"0\", \"0\", \"0\", \"1\"});\nmodel.component(\"comp1\").material(\"mat1\").propertyGroup(\"def\")\n      .set(\"relpermittivity\", new String[]{\"1\", \"0\", \"0\", \"0\", \"1\", \"0\", \"0\", \"0\", \"1\"});\nmodel.component(\"comp1\").material(\"mat1\").propertyGroup(\"def\").set(\"dynamicviscosity\", \"eta(T)\");\nmodel.component(\"comp1\").material(\"mat1\").propertyGroup(\"def\").set(\"ratioofspecificheat\", \"1.4\");\nmodel.component(\"comp1\").material(\"mat1\").propertyGroup(\"def\")\n      .set(\"electricconductivity\", new String[]{\"0[S/m]\", \"0\", \"0\", \"0\", \"0[S/m]\", \"0\", \"0\", \"0\", \"0[S/m]\"});\nmodel.component(\"comp1\").material(\"mat1\").propertyGroup(\"def\").set(\"heatcapacity\", \"Cp(T)\");\nmodel.component(\"comp1\").material(\"mat1\").propertyGroup(\"def\").set(\"density\", \"rho(pA,T)\");\nmodel.component(\"comp1\").material(\"mat1\").propertyGroup(\"def\")\n      .set(\"thermalconductivity\", new String[]{\"k(T)\", \"0\", \"0\", \"0\", \"k(T)\", \"0\", \"0\", \"0\", \"k(T)\"});\nmodel.component(\"comp1\").material(\"mat1\").propertyGroup(\"def\").set(\"soundspeed\", \"cs(T)\");\nmodel.component(\"comp1\").material(\"mat1\").propertyGroup(\"def\").addInput(\"temperature\");\nmodel.component(\"comp1\").material(\"mat1\").propertyGroup(\"def\").addInput(\"pressure\");\nmodel.component(\"comp1\").material(\"mat1\").propertyGroup(\"RefractiveIndex\")\n      .set(\"n\", new String[]{\"1\", \"0\", \"0\", \"0\", \"1\", \"0\", \"0\", \"0\", \"1\"});\nmodel.component(\"comp1\").material(\"mat1\").propertyGroup(\"NonlinearModel\").set(\"BA\", \"(def.gamma+1)/2\");\nmodel.component(\"comp1\").material(\"mat1\").propertyGroup(\"idealGas\").func(\"Cp\").label(\"Piecewise 2\");\nmodel.component(\"comp1\").material(\"mat1\").propertyGroup(\"idealGas\").func(\"Cp\").set(\"arg\", \"T\");\nmodel.component(\"comp1\").material(\"mat1\").propertyGroup(\"idealGas\").func(\"Cp\")\n      .set(\"pieces\", new String[][]{{\"200.0\", \"1600.0\", \"1047.63657-0.372589265*T^1+9.45304214E-4*T^2-6.02409443E-7*T^3+1.2858961E-10*T^4\"}});\nmodel.component(\"comp1\").material(\"mat1\").propertyGroup(\"idealGas\").func(\"Cp\").set(\"argunit\", \"K\");\nmodel.component(\"comp1\").material(\"mat1\").propertyGroup(\"idealGas\").func(\"Cp\").set(\"fununit\", \"J/(kg*K)\");\nmodel.component(\"comp1\").material(\"mat1\").propertyGroup(\"idealGas\").set(\"Rs\", \"R_const/Mn\");\nmodel.component(\"comp1\").material(\"mat1\").propertyGroup(\"idealGas\").set(\"heatcapacity\", \"Cp(T)\");\nmodel.component(\"comp1\").material(\"mat1\").propertyGroup(\"idealGas\").set(\"ratioofspecificheat\", \"1.4\");\nmodel.component(\"comp1\").material(\"mat1\").propertyGroup(\"idealGas\").set(\"molarmass\", \"0.02897\");\nmodel.component(\"comp1\").material(\"mat1\").propertyGroup(\"idealGas\").addInput(\"temperature\");\nmodel.component(\"comp1\").material(\"mat1\").propertyGroup(\"idealGas\").addInput(\"pressure\");\nmodel.component(\"comp1\").material(\"mat1\").materialType(\"nonSolid\");\n\nmodel.component(\"comp1\").physics(\"ta\").feature(\"tam1\").set(\"minput_pressure\", \"p0\");\nmodel.component(\"comp1\").physics(\"ta\").feature(\"tam1\").set(\"minput_temperature\", \"T0\");\nmodel.component(\"comp1\").physics(\"ta\").feature(\"pra1\").set(\"pbnd\", \"pin\");\n\nmodel.component(\"comp1\").mesh(\"mesh1\").feature(\"map1\").feature(\"dis1\").set(\"numelem\", 3);\nmodel.component(\"comp1\").mesh(\"mesh1\").feature(\"bl1\").feature(\"blp\").set(\"blnlayers\", 5);\nmodel.component(\"comp1\").mesh(\"mesh1\").feature(\"bl1\").feature(\"blp\").set(\"inittype\", \"blhtot\");\nmodel.component(\"comp1\").mesh(\"mesh1\").feature(\"bl1\").feature(\"blp\").set(\"blhtot\", \"pi*d_visc\");\nmodel.component(\"comp1\").mesh(\"mesh1\").run();\n\nmodel.study().create(\"std1\");\nmodel.study(\"std1\").create(\"freq\", \"Frequency\");\n\nmodel.sol().create(\"sol1\");\nmodel.sol(\"sol1\").study(\"std1\");\nmodel.sol(\"sol1\").attach(\"std1\");\nmodel.sol(\"sol1\").create(\"st1\", \"StudyStep\");\nmodel.sol(\"sol1\").create(\"v1\", \"Variables\");\nmodel.sol(\"sol1\").create(\"s1\", \"Stationary\");\nmodel.sol(\"sol1\").feature(\"s1\").create(\"p1\", \"Parametric\");\nmodel.sol(\"sol1\").feature(\"s1\").create(\"fc1\", \"FullyCoupled\");\nmodel.sol(\"sol1\").feature(\"s1\").create(\"d1\", \"Direct\");\nmodel.sol(\"sol1\").feature(\"s1\").create(\"i1\", \"Iterative\");\nmodel.sol(\"sol1\").feature(\"s1\").create(\"i2\", \"Iterative\");\nmodel.sol(\"sol1\").feature(\"s1\").feature(\"i1\").create(\"dp1\", \"DirectPreconditioner\");\nmodel.sol(\"sol1\").feature(\"s1\").feature(\"i1\").create(\"dp2\", \"DirectPreconditioner\");\nmodel.sol(\"sol1\").feature(\"s1\").feature(\"i1\").feature(\"dp1\").set(\"hybridization\", \"multi\");\nmodel.sol(\"sol1\").feature(\"s1\").feature(\"i1\").feature(\"dp2\").set(\"hybridization\", \"multi\");\nmodel.sol(\"sol1\").feature(\"s1\").feature(\"i2\").create(\"dd1\", \"DomainDecomposition\");\nmodel.sol(\"sol1\").feature(\"s1\").feature(\"i2\").feature(\"dd1\").feature(\"cs\").create(\"d1\", \"Direct\");\nmodel.sol(\"sol1\").feature(\"s1\").feature(\"i2\").feature(\"dd1\").feature(\"ds\").create(\"dp1\", \"DirectPreconditioner\");\nmodel.sol(\"sol1\").feature(\"s1\").feature(\"i2\").feature(\"dd1\").feature(\"ds\").create(\"dp2\", \"DirectPreconditioner\");\nmodel.sol(\"sol1\").feature(\"s1\").feature(\"i2\").feature(\"dd1\").feature(\"ds\").feature(\"dp1\")\n      .set(\"hybridization\", \"multi\");\nmodel.sol(\"sol1\").feature(\"s1\").feature(\"i2\").feature(\"dd1\").feature(\"ds\").feature(\"dp2\")\n      .set(\"hybridization\", \"multi\");\nmodel.sol(\"sol1\").feature(\"s1\").feature().remove(\"fcDef\");\n\nmodel.result().dataset().create(\"cpt1\", \"CutPoint3D\");\nmodel.result().numerical().create(\"pev1\", \"EvalPoint\");\nmodel.result().numerical(\"pev1\").set(\"probetag\", \"none\");\n\nmodel.study(\"std1\").feature(\"freq\").set(\"plist\", \"f0\");\n\nmodel.sol(\"sol1\").attach(\"std1\");\nmodel.sol(\"sol1\").feature(\"st1\").label(\"Compile Equations: Frequency Domain\");\nmodel.sol(\"sol1\").feature(\"v1\").label(\"Dependent Variables 1.1\");\nmodel.sol(\"sol1\").feature(\"v1\").set(\"clistctrl\", new String[]{\"p1\"});\nmodel.sol(\"sol1\").feature(\"v1\").set(\"cname\", new String[]{\"freq\"});\nmodel.sol(\"sol1\").feature(\"v1\").set(\"clist\", new String[]{\"f0\"});\nmodel.sol(\"sol1\").feature(\"s1\").label(\"Stationary Solver 1.1\");\nmodel.sol(\"sol1\").feature(\"s1\").feature(\"dDef\").label(\"Direct 2\");\nmodel.sol(\"sol1\").feature(\"s1\").feature(\"aDef\").label(\"Advanced 1\");\nmodel.sol(\"sol1\").feature(\"s1\").feature(\"aDef\").set(\"complexfun\", true);\nmodel.sol(\"sol1\").feature(\"s1\").feature(\"p1\").label(\"Parametric 1.1\");\nmodel.sol(\"sol1\").feature(\"s1\").feature(\"p1\").set(\"pname\", new String[]{\"freq\"});\nmodel.sol(\"sol1\").feature(\"s1\").feature(\"p1\").set(\"plistarr\", new String[]{\"f0\"});\nmodel.sol(\"sol1\").feature(\"s1\").feature(\"p1\").set(\"punit\", new String[]{\"Hz\"});\nmodel.sol(\"sol1\").feature(\"s1\").feature(\"p1\").set(\"pcontinuationmode\", \"no\");\nmodel.sol(\"sol1\").feature(\"s1\").feature(\"p1\").set(\"preusesol\", \"auto\");\nmodel.sol(\"sol1\").feature(\"s1\").feature(\"fc1\").label(\"Fully Coupled 1.1\");\nmodel.sol(\"sol1\").feature(\"s1\").feature(\"fc1\").set(\"linsolver\", \"d1\");\nmodel.sol(\"sol1\").feature(\"s1\").feature(\"d1\").label(\"Suggested Direct Solver (ta)\");\nmodel.sol(\"sol1\").feature(\"s1\").feature(\"d1\").set(\"linsolver\", \"pardiso\");\nmodel.sol(\"sol1\").feature(\"s1\").feature(\"d1\").set(\"pivotperturb\", 1.0E-13);\nmodel.sol(\"sol1\").feature(\"s1\").feature(\"i1\")\n      .label(\"Suggested Iterative Solver (GMRES with Direct Precon.) (ta)\");\nmodel.sol(\"sol1\").feature(\"s1\").feature(\"i1\").feature(\"ilDef\").label(\"Incomplete LU 1\");\nmodel.sol(\"sol1\").feature(\"s1\").feature(\"i1\").feature(\"dp1\").label(\"Direct Preconditioner 1.1\");\nmodel.sol(\"sol1\").feature(\"s1\").feature(\"i1\").feature(\"dp1\").set(\"linsolver\", \"pardiso\");\nmodel.sol(\"sol1\").feature(\"s1\").feature(\"i1\").feature(\"dp1\").set(\"pivotperturb\", 1.0E-13);\nmodel.sol(\"sol1\").feature(\"s1\").feature(\"i1\").feature(\"dp1\").set(\"hybridvar\", new String[]{\"comp1_u\", \"comp1_p\"});\nmodel.sol(\"sol1\").feature(\"s1\").feature(\"i1\").feature(\"dp2\").label(\"Direct Preconditioner 2.1\");\nmodel.sol(\"sol1\").feature(\"s1\").feature(\"i1\").feature(\"dp2\").set(\"linsolver\", \"pardiso\");\nmodel.sol(\"sol1\").feature(\"s1\").feature(\"i1\").feature(\"dp2\").set(\"hybridvar\", new String[]{\"comp1_T\"});\nmodel.sol(\"sol1\").feature(\"s1\").feature(\"i2\").label(\"Suggested Iterative Solver (GMRES with DD) (ta)\");\nmodel.sol(\"sol1\").feature(\"s1\").feature(\"i2\").feature(\"ilDef\").label(\"Incomplete LU 1\");\nmodel.sol(\"sol1\").feature(\"s1\").feature(\"i2\").feature(\"dd1\").label(\"Domain Decomposition (Schwarz) 1.1\");\nmodel.sol(\"sol1\").feature(\"s1\").feature(\"i2\").feature(\"dd1\").set(\"prefun\", \"ddhyb\");\nmodel.sol(\"sol1\").feature(\"s1\").feature(\"i2\").feature(\"dd1\").set(\"domdofmax\", 200000);\nmodel.sol(\"sol1\").feature(\"s1\").feature(\"i2\").feature(\"dd1\").set(\"ddolhandling\", \"ddrestricted\");\nmodel.sol(\"sol1\").feature(\"s1\").feature(\"i2\").feature(\"dd1\").set(\"userac\", false);\nmodel.sol(\"sol1\").feature(\"s1\").feature(\"i2\").feature(\"dd1\").set(\"usecoarse\", \"aggregation\");\nmodel.sol(\"sol1\").feature(\"s1\").feature(\"i2\").feature(\"dd1\").feature(\"cs\").label(\"Coarse Solver 1\");\nmodel.sol(\"sol1\").feature(\"s1\").feature(\"i2\").feature(\"dd1\").feature(\"cs\").feature(\"dDef\").label(\"Direct 2\");\nmodel.sol(\"sol1\").feature(\"s1\").feature(\"i2\").feature(\"dd1\").feature(\"cs\").feature(\"d1\").label(\"Direct 1.1\");\nmodel.sol(\"sol1\").feature(\"s1\").feature(\"i2\").feature(\"dd1\").feature(\"cs\").feature(\"d1\")\n      .set(\"linsolver\", \"pardiso\");\nmodel.sol(\"sol1\").feature(\"s1\").feature(\"i2\").feature(\"dd1\").feature(\"cs\").feature(\"d1\")\n      .set(\"pivotperturb\", 1.0E-13);\nmodel.sol(\"sol1\").feature(\"s1\").feature(\"i2\").feature(\"dd1\").feature(\"ds\").label(\"Domain Solver 1\");\nmodel.sol(\"sol1\").feature(\"s1\").feature(\"i2\").feature(\"dd1\").feature(\"ds\").feature(\"dDef\").label(\"Direct 1\");\nmodel.sol(\"sol1\").feature(\"s1\").feature(\"i2\").feature(\"dd1\").feature(\"ds\").feature(\"dp1\")\n      .label(\"Direct Preconditioner 1.1\");\nmodel.sol(\"sol1\").feature(\"s1\").feature(\"i2\").feature(\"dd1\").feature(\"ds\").feature(\"dp1\")\n      .set(\"linsolver\", \"pardiso\");\nmodel.sol(\"sol1\").feature(\"s1\").feature(\"i2\").feature(\"dd1\").feature(\"ds\").feature(\"dp1\")\n      .set(\"pivotperturb\", 1.0E-13);\nmodel.sol(\"sol1\").feature(\"s1\").feature(\"i2\").feature(\"dd1\").feature(\"ds\").feature(\"dp1\")\n      .set(\"hybridvar\", new String[]{\"comp1_u\", \"comp1_p\"});\nmodel.sol(\"sol1\").feature(\"s1\").feature(\"i2\").feature(\"dd1\").feature(\"ds\").feature(\"dp2\")\n      .label(\"Direct Preconditioner 2.1\");\nmodel.sol(\"sol1\").feature(\"s1\").feature(\"i2\").feature(\"dd1\").feature(\"ds\").feature(\"dp2\")\n      .set(\"linsolver\", \"pardiso\");\nmodel.sol(\"sol1\").feature(\"s1\").feature(\"i2\").feature(\"dd1\").feature(\"ds\").feature(\"dp2\")\n      .set(\"hybridvar\", new String[]{\"comp1_T\"});\nmodel.sol(\"sol1\").runAll();\n\nmodel.result().dataset(\"cpt1\").set(\"pointx\", \"L/2\");\nmodel.result().dataset(\"cpt1\").set(\"pointy\", 0);\nmodel.result().dataset(\"cpt1\").set(\"pointz\", 0);\nmodel.result().numerical(\"pev1\").set(\"data\", \"cpt1\");\nmodel.result().numerical(\"pev1\").set(\"table\", \"tbl1\");\nmodel.result().numerical(\"pev1\").set(\"expr\", new String[]{\"abs(u)\"});\nmodel.result().numerical(\"pev1\").set(\"unit\", new String[]{\"m/s\"});\nmodel.result().numerical(\"pev1\").set(\"descr\", new String[]{\"\"});\nmodel.result().numerical(\"pev1\").setResult();\n\nmodel.result().table(\"tbl1\").save(\"OUTPUT_PATH/output.txt\");\n", "selection information": "-", "target_tree": "model\n\u251c\u2500 parameters\n\u2502  \u2514\u2500 Parameters 1\n\u251c\u2500 functions\n\u251c\u2500 components\n\u2502  \u2514\u2500 Component 1\n\u251c\u2500 geometries\n\u2502  \u2514\u2500 Geometry 1\n\u2502     \u251c\u2500 Block 1\n\u2502     \u2514\u2500 Form Union\n\u251c\u2500 views\n\u2502  \u2514\u2500 View 1\n\u251c\u2500 selections\n\u251c\u2500 coordinates\n\u2502  \u2514\u2500 Boundary System 1\n\u251c\u2500 variables\n\u2502  \u251c\u2500 Variables 1\n\u2502  \u251c\u2500 Derived Variables 1\n\u2502  \u251c\u2500 Derived Variables 2\n\u2502  \u251c\u2500 Derived Variables 3\n\u2502  \u251c\u2500 Derived Variables 4\n\u2502  \u251c\u2500 Derived Variables 5\n\u2502  \u251c\u2500 Derived Variables 6\n\u2502  \u251c\u2500 Derived Variables 7\n\u2502  \u251c\u2500 Derived Variables 8\n\u2502  \u251c\u2500 Derived Variables 9\n\u2502  \u251c\u2500 Derived Variables 10\n\u2502  \u251c\u2500 Derived Variables 11\n\u2502  \u251c\u2500 Derived Variables 12\n\u2502  \u251c\u2500 Derived Variables 13\n\u2502  \u251c\u2500 Derived Variables 14\n\u2502  \u251c\u2500 Derived Variables 15\n\u2502  \u251c\u2500 Derived Variables 16\n\u2502  \u251c\u2500 Derived Variables 17\n\u2502  \u251c\u2500 Derived Variables 18\n\u2502  \u251c\u2500 Derived Variables 19\n\u2502  \u251c\u2500 Derived Variables 20\n\u2502  \u251c\u2500 Derived Variables 21\n\u2502  \u251c\u2500 Derived Variables 22\n\u2502  \u251c\u2500 Derived Variables 23\n\u2502  \u251c\u2500 Derived Variables 24\n\u2502  \u251c\u2500 Derived Variables 25\n\u2502  \u251c\u2500 Derived Variables 26\n\u2502  \u251c\u2500 Derived Variables 27\n\u2502  \u2514\u2500 Derived Variables 28\n\u251c\u2500 couplings\n\u251c\u2500 physics\n\u2502  \u2514\u2500 Thermoviscous Acoustics, Frequency Domain\n\u2502     \u251c\u2500 Thermoviscous Acoustics Model 1\n\u2502     \u251c\u2500 Wall 1\n\u2502     \u251c\u2500 Initial Values 1\n\u2502     \u251c\u2500 Continuity 1\n\u2502     \u251c\u2500 Symmetry 1\n\u2502     \u251c\u2500 Pressure (Adiabatic) 1\n\u2502     \u2514\u2500 Pressure (Adiabatic) 2\n\u251c\u2500 multiphysics\n\u251c\u2500 materials\n\u2502  \u2514\u2500 Air\n\u2502     \u251c\u2500 Basic\n\u2502     \u251c\u2500 Refractive index\n\u2502     \u251c\u2500 Nonlinear model\n\u2502     \u2514\u2500 Ideal gas\n\u251c\u2500 meshes\n\u2502  \u2514\u2500 Mesh 1\n\u2502     \u251c\u2500 Size\n\u2502     \u251c\u2500 Mapped 1\n\u2502     \u2502  \u2514\u2500 Distribution 1\n\u2502     \u251c\u2500 Swept 1\n\u2502     \u2502  \u2514\u2500 Distribution 1\n\u2502     \u2514\u2500 Boundary Layers 1\n\u2502        \u2514\u2500 Boundary Layer Properties\n\u251c\u2500 studies\n\u2502  \u2514\u2500 Study 1\n\u2502     \u2514\u2500 Frequency Domain\n\u251c\u2500 solutions\n\u2502  \u2514\u2500 Solution 1\n\u2502     \u251c\u2500 Compile Equations: Frequency Domain\n\u2502     \u251c\u2500 Dependent Variables 1.1\n\u2502     \u2502  \u251c\u2500 Pressure (comp1.p)\n\u2502     \u2502  \u251c\u2500 Temperature variation (comp1.T)\n\u2502     \u2502  \u2514\u2500 Velocity field (comp1.u)\n\u2502     \u2514\u2500 Stationary Solver 1.1\n\u2502        \u251c\u2500 Direct 2\n\u2502        \u251c\u2500 Advanced 1\n\u2502        \u251c\u2500 Parametric\n\u2502        \u251c\u2500 Parametric 1.1\n\u2502        \u251c\u2500 Fully Coupled 1.1\n\u2502        \u251c\u2500 Suggested Direct Solver (ta)\n\u2502        \u251c\u2500 Suggested Iterative Solver (GMRES with Direct Precon.) (ta)\n\u2502        \u2502  \u251c\u2500 Incomplete LU 1\n\u2502        \u2502  \u251c\u2500 Direct Preconditioner 1.1\n\u2502        \u2502  \u2514\u2500 Direct Preconditioner 2.1\n\u2502        \u2514\u2500 Suggested Iterative Solver (GMRES with DD) (ta)\n\u2502           \u251c\u2500 Incomplete LU 1\n\u2502           \u2514\u2500 Domain Decomposition (Schwarz) 1.1\n\u2502              \u251c\u2500 Coarse Solver 1\n\u2502              \u2502  \u251c\u2500 Direct 2\n\u2502              \u2502  \u2514\u2500 Direct 1.1\n\u2502              \u2514\u2500 Domain Solver 1\n\u2502                 \u251c\u2500 Direct 1\n\u2502                 \u251c\u2500 Direct Preconditioner 1.1\n\u2502                 \u2514\u2500 Direct Preconditioner 2.1\n\u251c\u2500 batches\n\u251c\u2500 datasets\n\u2502  \u251c\u2500 Study 1//Solution 1\n\u2502  \u2514\u2500 Cut Point 3D 1\n\u251c\u2500 evaluations\n\u2502  \u2514\u2500 Point Evaluation 1\n\u251c\u2500 tables\n\u2502  \u2514\u2500 Table 1\n\u251c\u2500 plots\n\u2514\u2500 exports\n", "selection_information": "\nBOUNDARIES:\nSymmetry Boundaries: 2 and 5\nPressure Adiabatic 1: Boundary 1\nPressure Adiabatic 2: Boundary 6\n\nMESH SURFACES:\nMesh: Boundary 1\nMesh: Mapped 1, Distribution: Edges 4 and 6\nBoundary Layer Meshing: Boundaries 3 and 4\n"}