{"comsol_model_id": 1863, "target_value": -0.7, "target_units": "dB", "target_description": "S21 in dB at 6 [GHz]", "model_specifications": "\n## Finite Element Analysis of a Coaxial to Waveguide Coupling\n\n**ANALYSIS TYPE:** 3D Electromagnetic Wave propagation, Frequency Domain analysis\n\n**GEOMETRY:**\n\nThe geometry consists of a coaxial cable coupled to a rectangular waveguide.\n\n* **Waveguide:**\n    * Height (H): 17.5 mm\n    * Width (L): 100 mm\n    * Depth: 2*H = 35 mm\n* **Coaxial Cable:**\n    * Length (l): 20 mm\n    * Outer Radius (R): 5 mm\n    * Inner Radius (r): 1 mm\n* The cable is centered at Position: x = H, y = H, z = -l. The outer cylinder has length l and the inner cylinder has length l+H/2.\n\n**MATERIALS:**\n\n* **Waveguide & Coaxial Conductors:** Copper (using impedance boundary condition)\n* **Dielectric inside Coaxial Cable:**  Relative Permittivity = 2\n* **Air inside the rectangular waveguide:**\n\n**BOUNDARY CONDITIONS:**\n\n* **Input Port:** Coaxial cable feed with 1 W input power.\n* **Output Port:** Rectangular waveguide, supporting the fundamental TE10 mode.\n* **Metal Boundaries:** Impedance boundary condition is applied to all copper surfaces.\n\n**MESH:** Use the default mesh.\n\n**OUTPUT:**\n\nThe analysis should compute the transmission coefficient S21 (in dB) at a frequency of 6 GHz.\nExport the table containing this value to OUTPUT_PATH/output.txt.\n\n", "plan": "\n## Implementing the Coaxial to Waveguide Coupling Analysis in COMSOL Multiphysics\n\n**1. Model Setup:**\n\n* **New Model:** Open COMSOL Multiphysics and create a new model.\n* **Space Dimension:** Select 3D for the space dimension.\n* **Physics Interface:** Choose \"Electromagnetic Waves, Frequency Domain (emw)\" from the RF Module.\n* **Study Type:** Choose the \"Frequency Domain\" study type.\n\n**2. Geometry Creation:**\n\n* **Global Definitions:**\n    * Define parameters for waveguide height (H), length (L), coaxial length (l), outer radius (R), and inner radius (r) using the provided values.\n    **Waveguide:**\n    * Height (H): 17.5 mm\n    * Width (L): 100 mm\n    * Depth: 2*H = 35 mm\n    **Coaxial Cable:**\n    * Length (l): 20 mm\n    * Outer Radius (R): 5 mm\n    * Inner Radius (r): 1 mm\n* **Waveguide:**\n    * Use the \"Block\" primitive to create the rectangular waveguide with dimensions Width = L, Height = H, Depth = 2*H.\n* **Coaxial Cable:**\n    * Use the \"Cylinder\" primitive to create two cylinders representing the outer and inner conductors of the coaxial cable with the following dimensions:\n    **Outer Cylinder**\n      * In the Radius text field, type R.\n      * In the Height text field, type l.\n      * Position: x = H, y = H, z = -l\n    **Inner Cylinder**\n      * In the Radius text field, type r.\n      * In the Height text field, type l+H/2.\n      * Position: x = H, y = H, z = -l\n* **Boolean Operation:**\n    * Use the \"Difference\" operation to subtract the inner cylinder (cyl2) from the outer cylinder (cyl1) and the waveguide block (blk1). This will create the hollow coaxial line within the waveguide.\n\n**3. Definitions:**\n* **Boundary Selections:**\n    * Create an explicit selection named \"Metal Boundaries\" for all metal surfaces (waveguide walls and coaxial conductors).\n      * Select Boundaries 1\u20137 and 9\u201320 only.\n        Remove Boundaries 8 and 21 from the selection. These are the boundaries where the\n        wave will enter and leave your waveguide coupling.\n    * Create two additional boundary selections named \"Input Port\" assigning it to Boundary 8 and \"Output Port\" assigned to Boundary 21, respectively.\n\n**4. Material Properties:**\n\n* **Air:**\n    * Add \"Air\" from the built-in materials library to \"Domain 1\".\n  **Dielectric:**\n    * Add a blank material labelled Dielectric and assign it to Domain 2. Update its properties to:\n    * Relative Permittivity = 2, Relative Permeability = 1, Electrical Conductivity = 0 S/m\n* **Copper:**\n    * Add \"Copper\" from the built-in materials library, with geometric entity level Boundaries and assign it to the \"Metal Boundaries\" selection.\n\n**5. Physics Settings:**\n\n* **Impedance Boundary Condition:**\n    * Right-click \"Electromagnetic Waves, Frequency Domain (emw)\" and add an \"Impedance Boundary Condition\".\n    * Select \"Metal Boundaries\" for the boundary selection.\n\n**6. Port Setup:**\n\n* **Input Port:**\n    * Right-click \"Electromagnetic Waves, Frequency Domain (emw)\" and select \"Port.\"\n    * Choose \"Input Port\" for the boundary selection.\n    * Set the \"Type of port\" to \"Coaxial.\"\n    * Ensure \"Wave excitation\" is enabled.\n* **Output Port:**\n    * Repeat the steps above for the \"Output Port,\" but set the \"Type of port\" to \"Rectangular.\"\n\n**7. Meshing:**\n\n* **Mesh:**\n    * Right-click \"Mesh\" and click build all with the defaults.\n\n**8. Study Settings:**\n\n* **Frequency:**\n    * Set the frequency to 6 GHz.\n\n**9. Solving the Model:**\n\n* **Compute:** Click on the \"Compute\" button to run the simulation.\n\n**10. Post-Processing:**\n\n* **S-Parameters:**\n    * Add a Global Evaluation of S21 in dB (S21dB) at 6 GHz.\n    * Export the table containing this value to OUTPUT_PATH/output.txt\n", "ground_truth_code": "\nmodel.param().set(\"H\", \"17.5 [mm]\", \"Height\");\nmodel.param().set(\"L\", \"100 [mm]\", \"Length\");\nmodel.param().set(\"D\", \"2*H\", \"Depth\");\nmodel.param().set(\"l\", \"20 [mm]\", \"Length\");\nmodel.param().set(\"R\", \"5 [mm]\", \"Outer Radius\");\nmodel.param().set(\"r\", \"1 [mm]\", \"Inner Radius\");\n\nmodel.component().create(\"comp1\", true);\n\nmodel.component(\"comp1\").geom().create(\"geom1\", 3);\n\nmodel.result().table().create(\"tbl1\", \"Table\");\n\nmodel.component(\"comp1\").mesh().create(\"mesh1\");\n\nmodel.component(\"comp1\").geom(\"geom1\").create(\"blk1\", \"Block\");\nmodel.component(\"comp1\").geom(\"geom1\").feature(\"blk1\").set(\"size\", new String[]{\"L\", \"D\", \"H\"});\nmodel.component(\"comp1\").geom(\"geom1\").create(\"cyl1\", \"Cylinder\");\nmodel.component(\"comp1\").geom(\"geom1\").feature(\"cyl1\").set(\"pos\", new String[]{\"H\", \"H\", \"-l\"});\nmodel.component(\"comp1\").geom(\"geom1\").feature(\"cyl1\").set(\"r\", \"R\");\nmodel.component(\"comp1\").geom(\"geom1\").feature(\"cyl1\").set(\"h\", \"l\");\nmodel.component(\"comp1\").geom(\"geom1\").create(\"cyl2\", \"Cylinder\");\nmodel.component(\"comp1\").geom(\"geom1\").feature(\"cyl2\").set(\"pos\", new String[]{\"H\", \"H\", \"-l\"});\nmodel.component(\"comp1\").geom(\"geom1\").feature(\"cyl2\").set(\"r\", \"r\");\nmodel.component(\"comp1\").geom(\"geom1\").feature(\"cyl2\").set(\"h\", \"l+(H/2)\");\nmodel.component(\"comp1\").geom(\"geom1\").create(\"dif1\", \"Difference\");\nmodel.component(\"comp1\").geom(\"geom1\").feature(\"dif1\").selection(\"input\").set(\"blk1\", \"cyl1\");\nmodel.component(\"comp1\").geom(\"geom1\").feature(\"dif1\").selection(\"input2\").set(\"cyl2\");\nmodel.component(\"comp1\").geom(\"geom1\").run();\n\nmodel.component(\"comp1\").selection().create(\"sel1\", \"Explicit\");\nmodel.component(\"comp1\").selection(\"sel1\").geom(\"geom1\", 2);\nmodel.component(\"comp1\").selection(\"sel1\")\n      .set(1, 2, 3, 4, 5, 6, 7, 9, 10, 11, 12, 13, 14, 15, 16, 17, 18, 19, 20);\nmodel.component(\"comp1\").selection().create(\"sel2\", \"Explicit\");\nmodel.component(\"comp1\").selection(\"sel2\").geom(\"geom1\", 2);\nmodel.component(\"comp1\").selection(\"sel2\").set(8);\nmodel.component(\"comp1\").selection().create(\"sel3\", \"Explicit\");\nmodel.component(\"comp1\").selection(\"sel3\").geom(\"geom1\", 2);\nmodel.component(\"comp1\").selection(\"sel3\").set(21);\nmodel.component(\"comp1\").selection(\"sel1\").label(\"Metal Boundaries\");\nmodel.component(\"comp1\").selection(\"sel2\").label(\"Input Port\");\nmodel.component(\"comp1\").selection(\"sel3\").label(\"Output Port\");\n\nmodel.component(\"comp1\").material().create(\"mat1\", \"Common\");\nmodel.component(\"comp1\").material().create(\"mat2\", \"Common\");\nmodel.component(\"comp1\").material().create(\"mat3\", \"Common\");\nmodel.component(\"comp1\").material(\"mat1\").selection().set(1);\nmodel.component(\"comp1\").material(\"mat1\").propertyGroup(\"def\").func().create(\"eta\", \"Piecewise\");\nmodel.component(\"comp1\").material(\"mat1\").propertyGroup(\"def\").func().create(\"Cp\", \"Piecewise\");\nmodel.component(\"comp1\").material(\"mat1\").propertyGroup(\"def\").func().create(\"rho\", \"Analytic\");\nmodel.component(\"comp1\").material(\"mat1\").propertyGroup(\"def\").func().create(\"k\", \"Piecewise\");\nmodel.component(\"comp1\").material(\"mat1\").propertyGroup(\"def\").func().create(\"cs\", \"Analytic\");\nmodel.component(\"comp1\").material(\"mat1\").propertyGroup(\"def\").func().create(\"an1\", \"Analytic\");\nmodel.component(\"comp1\").material(\"mat1\").propertyGroup(\"def\").func().create(\"an2\", \"Analytic\");\nmodel.component(\"comp1\").material(\"mat1\").propertyGroup().create(\"RefractiveIndex\", \"Refractive index\");\nmodel.component(\"comp1\").material(\"mat1\").propertyGroup().create(\"NonlinearModel\", \"Nonlinear model\");\nmodel.component(\"comp1\").material(\"mat1\").propertyGroup().create(\"idealGas\", \"Ideal gas\");\nmodel.component(\"comp1\").material(\"mat1\").propertyGroup(\"idealGas\").func().create(\"Cp\", \"Piecewise\");\nmodel.component(\"comp1\").material(\"mat2\").selection().set(2);\nmodel.component(\"comp1\").material(\"mat3\").selection().named(\"sel1\");\nmodel.component(\"comp1\").material(\"mat3\").propertyGroup().create(\"Enu\", \"Young's modulus and Poisson's ratio\");\nmodel.component(\"comp1\").material(\"mat3\").propertyGroup().create(\"linzRes\", \"Linearized resistivity\");\n\nmodel.component(\"comp1\").physics().create(\"emw\", \"ElectromagneticWaves\", \"geom1\");\nmodel.component(\"comp1\").physics(\"emw\").create(\"imp1\", \"Impedance\", 2);\nmodel.component(\"comp1\").physics(\"emw\").feature(\"imp1\").selection().named(\"sel1\");\nmodel.component(\"comp1\").physics(\"emw\").create(\"port1\", \"Port\", 2);\nmodel.component(\"comp1\").physics(\"emw\").feature(\"port1\").selection().named(\"sel2\");\nmodel.component(\"comp1\").physics(\"emw\").create(\"port2\", \"Port\", 2);\nmodel.component(\"comp1\").physics(\"emw\").feature(\"port2\").selection().named(\"sel3\");\n\nmodel.result().table(\"tbl1\").comments(\"Global Evaluation 2\");\n\nmodel.component(\"comp1\").material(\"mat1\").label(\"Air\");\nmodel.component(\"comp1\").material(\"mat1\").set(\"family\", \"air\");\nmodel.component(\"comp1\").material(\"mat1\").propertyGroup(\"def\").func(\"eta\").set(\"arg\", \"T\");\nmodel.component(\"comp1\").material(\"mat1\").propertyGroup(\"def\").func(\"eta\")\n      .set(\"pieces\", new String[][]{{\"200.0\", \"1600.0\", \"-8.38278E-7+8.35717342E-8*T^1-7.69429583E-11*T^2+4.6437266E-14*T^3-1.06585607E-17*T^4\"}});\nmodel.component(\"comp1\").material(\"mat1\").propertyGroup(\"def\").func(\"eta\").set(\"argunit\", \"K\");\nmodel.component(\"comp1\").material(\"mat1\").propertyGroup(\"def\").func(\"eta\").set(\"fununit\", \"Pa*s\");\nmodel.component(\"comp1\").material(\"mat1\").propertyGroup(\"def\").func(\"Cp\").set(\"arg\", \"T\");\nmodel.component(\"comp1\").material(\"mat1\").propertyGroup(\"def\").func(\"Cp\")\n      .set(\"pieces\", new String[][]{{\"200.0\", \"1600.0\", \"1047.63657-0.372589265*T^1+9.45304214E-4*T^2-6.02409443E-7*T^3+1.2858961E-10*T^4\"}});\nmodel.component(\"comp1\").material(\"mat1\").propertyGroup(\"def\").func(\"Cp\").set(\"argunit\", \"K\");\nmodel.component(\"comp1\").material(\"mat1\").propertyGroup(\"def\").func(\"Cp\").set(\"fununit\", \"J/(kg*K)\");\nmodel.component(\"comp1\").material(\"mat1\").propertyGroup(\"def\").func(\"rho\")\n      .set(\"expr\", \"pA*0.02897/R_const[K*mol/J]/T\");\nmodel.component(\"comp1\").material(\"mat1\").propertyGroup(\"def\").func(\"rho\").set(\"args\", new String[]{\"pA\", \"T\"});\nmodel.component(\"comp1\").material(\"mat1\").propertyGroup(\"def\").func(\"rho\").set(\"fununit\", \"kg/m^3\");\nmodel.component(\"comp1\").material(\"mat1\").propertyGroup(\"def\").func(\"rho\")\n      .set(\"argunit\", new String[]{\"Pa\", \"K\"});\nmodel.component(\"comp1\").material(\"mat1\").propertyGroup(\"def\").func(\"rho\")\n      .set(\"plotargs\", new String[][]{{\"pA\", \"101325\", \"101325\"}, {\"T\", \"273.15\", \"293.15\"}});\nmodel.component(\"comp1\").material(\"mat1\").propertyGroup(\"def\").func(\"k\").set(\"arg\", \"T\");\nmodel.component(\"comp1\").material(\"mat1\").propertyGroup(\"def\").func(\"k\")\n      .set(\"pieces\", new String[][]{{\"200.0\", \"1600.0\", \"-0.00227583562+1.15480022E-4*T^1-7.90252856E-8*T^2+4.11702505E-11*T^3-7.43864331E-15*T^4\"}});\nmodel.component(\"comp1\").material(\"mat1\").propertyGroup(\"def\").func(\"k\").set(\"argunit\", \"K\");\nmodel.component(\"comp1\").material(\"mat1\").propertyGroup(\"def\").func(\"k\").set(\"fununit\", \"W/(m*K)\");\nmodel.component(\"comp1\").material(\"mat1\").propertyGroup(\"def\").func(\"cs\")\n      .set(\"expr\", \"sqrt(1.4*R_const[K*mol/J]/0.02897*T)\");\nmodel.component(\"comp1\").material(\"mat1\").propertyGroup(\"def\").func(\"cs\").set(\"args\", new String[]{\"T\"});\nmodel.component(\"comp1\").material(\"mat1\").propertyGroup(\"def\").func(\"cs\").set(\"fununit\", \"m/s\");\nmodel.component(\"comp1\").material(\"mat1\").propertyGroup(\"def\").func(\"cs\").set(\"argunit\", new String[]{\"K\"});\nmodel.component(\"comp1\").material(\"mat1\").propertyGroup(\"def\").func(\"cs\")\n      .set(\"plotargs\", new String[][]{{\"T\", \"273.15\", \"373.15\"}});\nmodel.component(\"comp1\").material(\"mat1\").propertyGroup(\"def\").func(\"an1\").set(\"funcname\", \"alpha_p\");\nmodel.component(\"comp1\").material(\"mat1\").propertyGroup(\"def\").func(\"an1\")\n      .set(\"expr\", \"-1/rho(pA,T)*d(rho(pA,T),T)\");\nmodel.component(\"comp1\").material(\"mat1\").propertyGroup(\"def\").func(\"an1\").set(\"args\", new String[]{\"pA\", \"T\"});\nmodel.component(\"comp1\").material(\"mat1\").propertyGroup(\"def\").func(\"an1\").set(\"fununit\", \"1/K\");\nmodel.component(\"comp1\").material(\"mat1\").propertyGroup(\"def\").func(\"an1\")\n      .set(\"argunit\", new String[]{\"Pa\", \"K\"});\nmodel.component(\"comp1\").material(\"mat1\").propertyGroup(\"def\").func(\"an1\")\n      .set(\"plotargs\", new String[][]{{\"pA\", \"101325\", \"101325\"}, {\"T\", \"273.15\", \"373.15\"}});\nmodel.component(\"comp1\").material(\"mat1\").propertyGroup(\"def\").func(\"an2\").set(\"funcname\", \"muB\");\nmodel.component(\"comp1\").material(\"mat1\").propertyGroup(\"def\").func(\"an2\").set(\"expr\", \"0.6*eta(T)\");\nmodel.component(\"comp1\").material(\"mat1\").propertyGroup(\"def\").func(\"an2\").set(\"args\", new String[]{\"T\"});\nmodel.component(\"comp1\").material(\"mat1\").propertyGroup(\"def\").func(\"an2\").set(\"fununit\", \"Pa*s\");\nmodel.component(\"comp1\").material(\"mat1\").propertyGroup(\"def\").func(\"an2\").set(\"argunit\", new String[]{\"K\"});\nmodel.component(\"comp1\").material(\"mat1\").propertyGroup(\"def\").func(\"an2\")\n      .set(\"plotargs\", new String[][]{{\"T\", \"200\", \"1600\"}});\nmodel.component(\"comp1\").material(\"mat1\").propertyGroup(\"def\").set(\"thermalexpansioncoefficient\", \"\");\nmodel.component(\"comp1\").material(\"mat1\").propertyGroup(\"def\").set(\"molarmass\", \"\");\nmodel.component(\"comp1\").material(\"mat1\").propertyGroup(\"def\").set(\"bulkviscosity\", \"\");\nmodel.component(\"comp1\").material(\"mat1\").propertyGroup(\"def\")\n      .set(\"thermalexpansioncoefficient\", new String[]{\"alpha_p(pA,T)\", \"0\", \"0\", \"0\", \"alpha_p(pA,T)\", \"0\", \"0\", \"0\", \"alpha_p(pA,T)\"});\nmodel.component(\"comp1\").material(\"mat1\").propertyGroup(\"def\").set(\"molarmass\", \"0.02897[kg/mol]\");\nmodel.component(\"comp1\").material(\"mat1\").propertyGroup(\"def\").set(\"bulkviscosity\", \"muB(T)\");\nmodel.component(\"comp1\").material(\"mat1\").propertyGroup(\"def\")\n      .set(\"relpermeability\", new String[]{\"1\", \"0\", \"0\", \"0\", \"1\", \"0\", \"0\", \"0\", \"1\"});\nmodel.component(\"comp1\").material(\"mat1\").propertyGroup(\"def\")\n      .set(\"relpermittivity\", new String[]{\"1\", \"0\", \"0\", \"0\", \"1\", \"0\", \"0\", \"0\", \"1\"});\nmodel.component(\"comp1\").material(\"mat1\").propertyGroup(\"def\").set(\"dynamicviscosity\", \"eta(T)\");\nmodel.component(\"comp1\").material(\"mat1\").propertyGroup(\"def\").set(\"ratioofspecificheat\", \"1.4\");\nmodel.component(\"comp1\").material(\"mat1\").propertyGroup(\"def\")\n      .set(\"electricconductivity\", new String[]{\"0[S/m]\", \"0\", \"0\", \"0\", \"0[S/m]\", \"0\", \"0\", \"0\", \"0[S/m]\"});\nmodel.component(\"comp1\").material(\"mat1\").propertyGroup(\"def\").set(\"heatcapacity\", \"Cp(T)\");\nmodel.component(\"comp1\").material(\"mat1\").propertyGroup(\"def\").set(\"density\", \"rho(pA,T)\");\nmodel.component(\"comp1\").material(\"mat1\").propertyGroup(\"def\")\n      .set(\"thermalconductivity\", new String[]{\"k(T)\", \"0\", \"0\", \"0\", \"k(T)\", \"0\", \"0\", \"0\", \"k(T)\"});\nmodel.component(\"comp1\").material(\"mat1\").propertyGroup(\"def\").set(\"soundspeed\", \"cs(T)\");\nmodel.component(\"comp1\").material(\"mat1\").propertyGroup(\"def\").addInput(\"temperature\");\nmodel.component(\"comp1\").material(\"mat1\").propertyGroup(\"def\").addInput(\"pressure\");\nmodel.component(\"comp1\").material(\"mat1\").propertyGroup(\"RefractiveIndex\")\n      .set(\"n\", new String[]{\"1\", \"0\", \"0\", \"0\", \"1\", \"0\", \"0\", \"0\", \"1\"});\nmodel.component(\"comp1\").material(\"mat1\").propertyGroup(\"NonlinearModel\").set(\"BA\", \"(def.gamma+1)/2\");\nmodel.component(\"comp1\").material(\"mat1\").propertyGroup(\"idealGas\").func(\"Cp\").label(\"Piecewise 2\");\nmodel.component(\"comp1\").material(\"mat1\").propertyGroup(\"idealGas\").func(\"Cp\").set(\"arg\", \"T\");\nmodel.component(\"comp1\").material(\"mat1\").propertyGroup(\"idealGas\").func(\"Cp\")\n      .set(\"pieces\", new String[][]{{\"200.0\", \"1600.0\", \"1047.63657-0.372589265*T^1+9.45304214E-4*T^2-6.02409443E-7*T^3+1.2858961E-10*T^4\"}});\nmodel.component(\"comp1\").material(\"mat1\").propertyGroup(\"idealGas\").func(\"Cp\").set(\"argunit\", \"K\");\nmodel.component(\"comp1\").material(\"mat1\").propertyGroup(\"idealGas\").func(\"Cp\").set(\"fununit\", \"J/(kg*K)\");\nmodel.component(\"comp1\").material(\"mat1\").propertyGroup(\"idealGas\").set(\"Rs\", \"R_const/Mn\");\nmodel.component(\"comp1\").material(\"mat1\").propertyGroup(\"idealGas\").set(\"heatcapacity\", \"Cp(T)\");\nmodel.component(\"comp1\").material(\"mat1\").propertyGroup(\"idealGas\").set(\"ratioofspecificheat\", \"1.4\");\nmodel.component(\"comp1\").material(\"mat1\").propertyGroup(\"idealGas\").set(\"molarmass\", \"0.02897\");\nmodel.component(\"comp1\").material(\"mat1\").propertyGroup(\"idealGas\").addInput(\"temperature\");\nmodel.component(\"comp1\").material(\"mat1\").propertyGroup(\"idealGas\").addInput(\"pressure\");\nmodel.component(\"comp1\").material(\"mat1\").materialType(\"nonSolid\");\nmodel.component(\"comp1\").material(\"mat2\").label(\"Dielectric\");\nmodel.component(\"comp1\").material(\"mat2\").propertyGroup(\"def\")\n      .set(\"relpermittivity\", new String[]{\"2\", \"0\", \"0\", \"0\", \"2\", \"0\", \"0\", \"0\", \"2\"});\nmodel.component(\"comp1\").material(\"mat2\").propertyGroup(\"def\")\n      .set(\"relpermeability\", new String[]{\"1\", \"0\", \"0\", \"0\", \"1\", \"0\", \"0\", \"0\", \"1\"});\nmodel.component(\"comp1\").material(\"mat2\").propertyGroup(\"def\")\n      .set(\"electricconductivity\", new String[]{\"0\", \"0\", \"0\", \"0\", \"0\", \"0\", \"0\", \"0\", \"0\"});\nmodel.component(\"comp1\").material(\"mat3\").label(\"Copper\");\nmodel.component(\"comp1\").material(\"mat3\").set(\"family\", \"copper\");\nmodel.component(\"comp1\").material(\"mat3\").propertyGroup(\"def\")\n      .set(\"relpermeability\", new String[]{\"1\", \"0\", \"0\", \"0\", \"1\", \"0\", \"0\", \"0\", \"1\"});\nmodel.component(\"comp1\").material(\"mat3\").propertyGroup(\"def\")\n      .set(\"electricconductivity\", new String[]{\"5.998e7[S/m]\", \"0\", \"0\", \"0\", \"5.998e7[S/m]\", \"0\", \"0\", \"0\", \"5.998e7[S/m]\"});\nmodel.component(\"comp1\").material(\"mat3\").propertyGroup(\"def\")\n      .set(\"thermalexpansioncoefficient\", new String[]{\"17e-6[1/K]\", \"0\", \"0\", \"0\", \"17e-6[1/K]\", \"0\", \"0\", \"0\", \"17e-6[1/K]\"});\nmodel.component(\"comp1\").material(\"mat3\").propertyGroup(\"def\").set(\"heatcapacity\", \"385[J/(kg*K)]\");\nmodel.component(\"comp1\").material(\"mat3\").propertyGroup(\"def\")\n      .set(\"relpermittivity\", new String[]{\"1\", \"0\", \"0\", \"0\", \"1\", \"0\", \"0\", \"0\", \"1\"});\nmodel.component(\"comp1\").material(\"mat3\").propertyGroup(\"def\").set(\"density\", \"8960[kg/m^3]\");\nmodel.component(\"comp1\").material(\"mat3\").propertyGroup(\"def\")\n      .set(\"thermalconductivity\", new String[]{\"400[W/(m*K)]\", \"0\", \"0\", \"0\", \"400[W/(m*K)]\", \"0\", \"0\", \"0\", \"400[W/(m*K)]\"});\nmodel.component(\"comp1\").material(\"mat3\").propertyGroup(\"Enu\").set(\"E\", \"110[GPa]\");\nmodel.component(\"comp1\").material(\"mat3\").propertyGroup(\"Enu\").set(\"nu\", \"0.35\");\nmodel.component(\"comp1\").material(\"mat3\").propertyGroup(\"linzRes\").set(\"rho0\", \"1.72e-8[ohm*m]\");\nmodel.component(\"comp1\").material(\"mat3\").propertyGroup(\"linzRes\").set(\"alpha\", \"0.0039[1/K]\");\nmodel.component(\"comp1\").material(\"mat3\").propertyGroup(\"linzRes\").set(\"Tref\", \"298[K]\");\nmodel.component(\"comp1\").material(\"mat3\").propertyGroup(\"linzRes\").addInput(\"temperature\");\n\nmodel.component(\"comp1\").physics(\"emw\").feature(\"port1\").set(\"PortType\", \"Coaxial\");\nmodel.component(\"comp1\").physics(\"emw\").feature(\"port2\").set(\"PortType\", \"Rectangular\");\n\nmodel.study().create(\"std1\");\nmodel.study(\"std1\").create(\"freq\", \"Frequency\");\n\nmodel.sol().create(\"sol1\");\nmodel.sol(\"sol1\").study(\"std1\");\nmodel.sol(\"sol1\").attach(\"std1\");\nmodel.sol(\"sol1\").create(\"st1\", \"StudyStep\");\nmodel.sol(\"sol1\").create(\"v1\", \"Variables\");\nmodel.sol(\"sol1\").create(\"s1\", \"Stationary\");\nmodel.sol(\"sol1\").feature(\"s1\").create(\"p1\", \"Parametric\");\nmodel.sol(\"sol1\").feature(\"s1\").create(\"fc1\", \"FullyCoupled\");\nmodel.sol(\"sol1\").feature(\"s1\").create(\"i1\", \"Iterative\");\nmodel.sol(\"sol1\").feature(\"s1\").feature(\"i1\").create(\"mg1\", \"Multigrid\");\nmodel.sol(\"sol1\").feature(\"s1\").feature(\"i1\").feature(\"mg1\").feature(\"pr\").create(\"sv1\", \"SORVector\");\nmodel.sol(\"sol1\").feature(\"s1\").feature(\"i1\").feature(\"mg1\").feature(\"po\").create(\"sv1\", \"SORVector\");\nmodel.sol(\"sol1\").feature(\"s1\").feature(\"i1\").feature(\"mg1\").feature(\"cs\").create(\"d1\", \"Direct\");\nmodel.sol(\"sol1\").feature(\"s1\").feature().remove(\"fcDef\");\n\nmodel.result().numerical().create(\"gev1\", \"EvalGlobal\");\nmodel.result().numerical().create(\"gev2\", \"EvalGlobal\");\nmodel.result().numerical(\"gev1\").set(\"probetag\", \"none\");\nmodel.result().numerical(\"gev2\").set(\"probetag\", \"none\");\nmodel.result().create(\"pg1\", \"PlotGroup3D\");\nmodel.result(\"pg1\").create(\"mslc1\", \"Multislice\");\nmodel.result(\"pg1\").feature(\"mslc1\").create(\"filt1\", \"Filter\");\nmodel.result(\"pg1\").feature(\"mslc1\").feature(\"filt1\").set(\"expr\", \"!isScalingSystemDomain\");\n\nmodel.study(\"std1\").feature(\"freq\").set(\"plist\", \"6[GHz]\");\n\nmodel.sol(\"sol1\").attach(\"std1\");\nmodel.sol(\"sol1\").feature(\"st1\").label(\"Compile Equations: Frequency Domain\");\nmodel.sol(\"sol1\").feature(\"v1\").label(\"Dependent Variables 1.1\");\nmodel.sol(\"sol1\").feature(\"v1\").set(\"clistctrl\", new String[]{\"p1\"});\nmodel.sol(\"sol1\").feature(\"v1\").set(\"cname\", new String[]{\"freq\"});\nmodel.sol(\"sol1\").feature(\"v1\").set(\"clist\", new String[]{\"6[GHz]\"});\nmodel.sol(\"sol1\").feature(\"s1\").label(\"Stationary Solver 1.1\");\nmodel.sol(\"sol1\").feature(\"s1\").set(\"stol\", 0.01);\nmodel.sol(\"sol1\").feature(\"s1\").set(\"plot\", true);\nmodel.sol(\"sol1\").feature(\"s1\").feature(\"dDef\").label(\"Direct 1\");\nmodel.sol(\"sol1\").feature(\"s1\").feature(\"aDef\").label(\"Advanced 1\");\nmodel.sol(\"sol1\").feature(\"s1\").feature(\"aDef\").set(\"complexfun\", true);\nmodel.sol(\"sol1\").feature(\"s1\").feature(\"p1\").label(\"Parametric 1.1\");\nmodel.sol(\"sol1\").feature(\"s1\").feature(\"p1\").set(\"pname\", new String[]{\"freq\"});\nmodel.sol(\"sol1\").feature(\"s1\").feature(\"p1\").set(\"plistarr\", new String[]{\"6[GHz]\"});\nmodel.sol(\"sol1\").feature(\"s1\").feature(\"p1\").set(\"punit\", new String[]{\"GHz\"});\nmodel.sol(\"sol1\").feature(\"s1\").feature(\"p1\").set(\"pcontinuationmode\", \"no\");\nmodel.sol(\"sol1\").feature(\"s1\").feature(\"p1\").set(\"preusesol\", \"auto\");\nmodel.sol(\"sol1\").feature(\"s1\").feature(\"p1\").set(\"plot\", true);\nmodel.sol(\"sol1\").feature(\"s1\").feature(\"fc1\").label(\"Fully Coupled 1.1\");\nmodel.sol(\"sol1\").feature(\"s1\").feature(\"i1\").label(\"Suggested Iterative Solver (emw)\");\nmodel.sol(\"sol1\").feature(\"s1\").feature(\"i1\").set(\"itrestart\", 300);\nmodel.sol(\"sol1\").feature(\"s1\").feature(\"i1\").set(\"prefuntype\", \"right\");\nmodel.sol(\"sol1\").feature(\"s1\").feature(\"i1\").feature(\"ilDef\").label(\"Incomplete LU 1\");\nmodel.sol(\"sol1\").feature(\"s1\").feature(\"i1\").feature(\"mg1\").label(\"Multigrid 1.1\");\nmodel.sol(\"sol1\").feature(\"s1\").feature(\"i1\").feature(\"mg1\").set(\"iter\", 1);\nmodel.sol(\"sol1\").feature(\"s1\").feature(\"i1\").feature(\"mg1\").feature(\"pr\").label(\"Presmoother 1\");\nmodel.sol(\"sol1\").feature(\"s1\").feature(\"i1\").feature(\"mg1\").feature(\"pr\").feature(\"soDef\").label(\"SOR 1\");\nmodel.sol(\"sol1\").feature(\"s1\").feature(\"i1\").feature(\"mg1\").feature(\"pr\").feature(\"sv1\").label(\"SOR Vector 1.1\");\nmodel.sol(\"sol1\").feature(\"s1\").feature(\"i1\").feature(\"mg1\").feature(\"pr\").feature(\"sv1\")\n      .set(\"sorvecdof\", new String[]{\"comp1_E\"});\nmodel.sol(\"sol1\").feature(\"s1\").feature(\"i1\").feature(\"mg1\").feature(\"po\").label(\"Postsmoother 1\");\nmodel.sol(\"sol1\").feature(\"s1\").feature(\"i1\").feature(\"mg1\").feature(\"po\").feature(\"soDef\").label(\"SOR 1\");\nmodel.sol(\"sol1\").feature(\"s1\").feature(\"i1\").feature(\"mg1\").feature(\"po\").feature(\"sv1\").label(\"SOR Vector 1.1\");\nmodel.sol(\"sol1\").feature(\"s1\").feature(\"i1\").feature(\"mg1\").feature(\"po\").feature(\"sv1\")\n      .set(\"sorvecdof\", new String[]{\"comp1_E\"});\nmodel.sol(\"sol1\").feature(\"s1\").feature(\"i1\").feature(\"mg1\").feature(\"cs\").label(\"Coarse Solver 1\");\nmodel.sol(\"sol1\").feature(\"s1\").feature(\"i1\").feature(\"mg1\").feature(\"cs\").feature(\"dDef\").label(\"Direct 2\");\nmodel.sol(\"sol1\").feature(\"s1\").feature(\"i1\").feature(\"mg1\").feature(\"cs\").feature(\"d1\").label(\"Direct 1.1\");\nmodel.sol(\"sol1\").feature(\"s1\").feature(\"i1\").feature(\"mg1\").feature(\"cs\").feature(\"d1\")\n      .set(\"linsolver\", \"pardiso\");\nmodel.sol(\"sol1\").runAll();\n\nmodel.result().numerical(\"gev1\").label(\"S-parameter (emw)\");\nmodel.result().numerical(\"gev1\").set(\"expr\", new String[]{\"emw.S11dB\", \"emw.S21dB\"});\nmodel.result().numerical(\"gev1\").set(\"unit\", new String[]{\"1\", \"1\"});\nmodel.result().numerical(\"gev1\").set(\"descr\", new String[]{\"S11\", \"S21\"});\nmodel.result().numerical(\"gev2\").set(\"table\", \"tbl1\");\nmodel.result().numerical(\"gev2\").set(\"expr\", new String[]{\"emw.S21dB\"});\nmodel.result().numerical(\"gev2\").set(\"unit\", new String[]{\"1\"});\nmodel.result().numerical(\"gev2\").set(\"descr\", new String[]{\"S21\"});\nmodel.result().numerical(\"gev2\").setResult();\nmodel.result().table(\"tbl1\").save(\"OUTPUT_PATH/output.txt\");\n", "target_tree": "model\n\u251c\u2500 parameters\n\u2502  \u2514\u2500 Parameters 1\n\u251c\u2500 functions\n\u2502  \u251c\u2500 Roots of Bessel Function Derivatives\n\u2502  \u2514\u2500 Roots of Bessel Functions\n\u251c\u2500 components\n\u2502  \u2514\u2500 Component 1\n\u251c\u2500 geometries\n\u2502  \u2514\u2500 Geometry 1\n\u2502     \u251c\u2500 Block 1\n\u2502     \u251c\u2500 Cylinder 1\n\u2502     \u251c\u2500 Cylinder 2\n\u2502     \u251c\u2500 Difference 1\n\u2502     \u2514\u2500 Form Union\n\u251c\u2500 views\n\u2502  \u2514\u2500 View 1\n\u251c\u2500 selections\n\u2502  \u251c\u2500 Metal Boundaries\n\u2502  \u251c\u2500 Input Port\n\u2502  \u2514\u2500 Output Port\n\u251c\u2500 coordinates\n\u2502  \u2514\u2500 Boundary System 1\n\u251c\u2500 variables\n\u2502  \u251c\u2500 Derived Variables 1\n\u2502  \u251c\u2500 Derived Variables 2\n\u2502  \u251c\u2500 Derived Variables 3\n\u2502  \u251c\u2500 Derived Variables 4\n\u2502  \u251c\u2500 Derived Variables 5\n\u2502  \u251c\u2500 Derived Variables 6\n\u2502  \u251c\u2500 Derived Variables 7\n\u2502  \u251c\u2500 Derived Variables 8\n\u2502  \u251c\u2500 Derived Variables 9\n\u2502  \u251c\u2500 Derived Variables 10\n\u2502  \u251c\u2500 Derived Variables 11\n\u2502  \u251c\u2500 Derived Variables 12\n\u2502  \u251c\u2500 Derived Variables 13\n\u2502  \u251c\u2500 Derived Variables 14\n\u2502  \u251c\u2500 Derived Variables 15\n\u2502  \u251c\u2500 Derived Variables 16\n\u2502  \u251c\u2500 Derived Variables 17\n\u2502  \u251c\u2500 Derived Variables 18\n\u2502  \u251c\u2500 Derived Variables 19\n\u2502  \u251c\u2500 Derived Variables 20\n\u2502  \u251c\u2500 Derived Variables 21\n\u2502  \u251c\u2500 Derived Variables 22\n\u2502  \u251c\u2500 Derived Variables 23\n\u2502  \u251c\u2500 Derived Variables 24\n\u2502  \u251c\u2500 Derived Variables 25\n\u2502  \u251c\u2500 Derived Variables 26\n\u2502  \u251c\u2500 Derived Variables 27\n\u2502  \u251c\u2500 Derived Variables 28\n\u2502  \u251c\u2500 Derived Variables 29\n\u2502  \u251c\u2500 Derived Variables 30\n\u2502  \u251c\u2500 Derived Variables 31\n\u2502  \u251c\u2500 Derived Variables 32\n\u2502  \u251c\u2500 Derived Variables 33\n\u2502  \u251c\u2500 Derived Variables 34\n\u2502  \u251c\u2500 Derived Variables 35\n\u2502  \u251c\u2500 Derived Variables 36\n\u2502  \u251c\u2500 Derived Variables 37\n\u2502  \u251c\u2500 Derived Variables 38\n\u2502  \u251c\u2500 Derived Variables 39\n\u2502  \u251c\u2500 Derived Variables 40\n\u2502  \u251c\u2500 Derived Variables 41\n\u2502  \u251c\u2500 Derived Variables 42\n\u2502  \u251c\u2500 Derived Variables 43\n\u2502  \u251c\u2500 Derived Variables 44\n\u2502  \u251c\u2500 Derived Variables 45\n\u2502  \u2514\u2500 Derived Variables 46\n\u251c\u2500 couplings\n\u2502  \u251c\u2500 Wave Equation Feature Integration\n\u2502  \u251c\u2500 root.comp1.emw.intport1\n\u2502  \u251c\u2500 Derived Average 12\n\u2502  \u251c\u2500 root.comp1.emw.intport2\n\u2502  \u2514\u2500 Derived Average 22\n\u251c\u2500 physics\n\u2502  \u2514\u2500 Electromagnetic Waves, Frequency Domain\n\u2502     \u251c\u2500 Wave Equation, Electric 1\n\u2502     \u251c\u2500 Perfect Electric Conductor 1\n\u2502     \u251c\u2500 Initial Values 1\n\u2502     \u251c\u2500 Continuity 1\n\u2502     \u251c\u2500 Impedance Boundary Condition 1\n\u2502     \u251c\u2500 Port 1\n\u2502     \u2514\u2500 Port 2\n\u251c\u2500 multiphysics\n\u251c\u2500 materials\n\u2502  \u251c\u2500 Air\n\u2502  \u2502  \u251c\u2500 Basic\n\u2502  \u2502  \u251c\u2500 Refractive index\n\u2502  \u2502  \u251c\u2500 Nonlinear model\n\u2502  \u2502  \u2514\u2500 Ideal gas\n\u2502  \u251c\u2500 Dielectric\n\u2502  \u2502  \u2514\u2500 Basic\n\u2502  \u2514\u2500 Copper\n\u2502     \u251c\u2500 Basic\n\u2502     \u251c\u2500 Young's modulus and Poisson's ratio\n\u2502     \u2514\u2500 Linearized resistivity\n\u251c\u2500 meshes\n\u2502  \u2514\u2500 Mesh 1\n\u2502     \u251c\u2500 Size\n\u2502     \u251c\u2500 Size 1\n\u2502     \u251c\u2500 Size 2\n\u2502     \u2514\u2500 Free Tetrahedral 1\n\u251c\u2500 studies\n\u2502  \u2514\u2500 Study 1\n\u2502     \u2514\u2500 Frequency Domain\n\u251c\u2500 solutions\n\u2502  \u2514\u2500 Solution 1\n\u2502     \u251c\u2500 Compile Equations: Frequency Domain\n\u2502     \u251c\u2500 Dependent Variables 1.1\n\u2502     \u2502  \u251c\u2500 Electric field (comp1.E)\n\u2502     \u2502  \u2514\u2500 S-parameter (comp1.Sparam1)\n\u2502     \u2514\u2500 Stationary Solver 1.1\n\u2502        \u251c\u2500 Direct 1\n\u2502        \u251c\u2500 Advanced 1\n\u2502        \u251c\u2500 Parametric\n\u2502        \u251c\u2500 Parametric 1.1\n\u2502        \u251c\u2500 Fully Coupled 1.1\n\u2502        \u2514\u2500 Suggested Iterative Solver (emw)\n\u2502           \u251c\u2500 Incomplete LU 1\n\u2502           \u2514\u2500 Multigrid 1.1\n\u2502              \u251c\u2500 Presmoother 1\n\u2502              \u2502  \u251c\u2500 SOR 1\n\u2502              \u2502  \u2514\u2500 SOR Vector 1.1\n\u2502              \u251c\u2500 Postsmoother 1\n\u2502              \u2502  \u251c\u2500 SOR 1\n\u2502              \u2502  \u2514\u2500 SOR Vector 1.1\n\u2502              \u2514\u2500 Coarse Solver 1\n\u2502                 \u251c\u2500 Direct 2\n\u2502                 \u2514\u2500 Direct 1.1\n\u251c\u2500 batches\n\u251c\u2500 datasets\n\u2502  \u2514\u2500 Study 1//Solution 1\n\u251c\u2500 evaluations\n\u2502  \u2514\u2500 S-parameter (emw)\n\u251c\u2500 tables\n\u2502  \u2514\u2500 Table 1\n\u251c\u2500 plots\n\u2502  \u2514\u2500 Electric Field (emw)\n\u2502     \u2514\u2500 Multislice\n\u2502        \u2514\u2500 Filter 1\n\u2514\u2500 exports\n", "selection_information": "\nBOUNDARIES:\nMetal Boundaries: Boundaries 1\u20137 and 9\u201320 only\nInput Port: Boundary 8\nOutput Port: Boundary 21\n"}