{"comsol_model_id": 75611, "target_value": 42.663, "target_units": "Hz", "target_description": "The first eigenfrequency in Hz.", "model_specifications": "\n## Finite Element Analysis of a Deep Beam under Random Vibration\n\n**ANALYSIS TYPE:** Linear elastic random vibration analysis using the Timoshenko beam formulation in 3D. This accounts for shear deformations and rotational inertia effects, making it suitable for deep beams.\n\n**GEOMETRY:**\n- Domain: A simply supported beam with a square cross-section. One end is pinned and has constrained rotations along the beam axis. The other end has constrained displacements in the plane of beam cross section.\n- Length (L): 10 meters\n- Cross-section dimension (l): 2 meters. Section orientation vector `V = (0,0,1)`.\n- Labeled points:\n    - Point A: Located at x = 0 m, one end of the beam.\n    - Point B: Located at x = 10 m, the other end of the beam.\n\n**LOADING:**\n- A uniformly distributed edge load applied along the beam in the y-direction with F = 10^6 [N/m].\n- The load is also characterized by a uniform Power Spectral Density (PSD) that takes the value F^2/(1 [ Hz]).\n\n**BOUNDARY CONDITIONS:**\n- Point A (x = 0 m):\n    - Pinned: All displacements (u, v, w) are constrained.\n    - Rotation about the x-axis (thx) is constrained i.e. u = v = w =0; thx =0.\n- Point B (x = 10 m):\n    -  Displacements in the y and z directions (v, w) are constrained i.e. v = w = 0.\n\n**MATERIAL PROPERTIES:**\n- Isotropic material.\n- Young's Modulus (E): 200 GPa\n- Poisson's Ratio (\u03bd): 0.3\n- Mass Density (\u03c1): 8000 kg/m^3\n- Rayleigh Damping Coefficients:  alpha_dM = 5.36 s<sup>-1</sup>, beta_dK = 7.46 x 10<sup>-5</sup> m/s (corresponding to 2% damping ratio for the first eigenmode).\n\n**MESH:**\n- The choice of element shape (line) is inherent to the beam formulation.\n\n**OUTPUT:**\n- The analysis should compute the first eigenfrequency.\nHint: Search for eigenfrequencies around 40 [Hz].\n\nExport the table containing this value to OUTPUT_PATH/output.txt\n\n", "plan": "## Implementing the Deep Beam Random Vibration Analysis in COMSOL Multiphysics:\n\n**1. Model Setup:**\n\n* **New Model:** Start COMSOL Multiphysics and create a new model.\n* **Space Dimension:** Select 3D for the space dimension (Note: While the problem is essentially one-dimensional, COMSOL's beam formulation is implemented in 3D space).\n* **Physics Interface:** Choose \"Structural Mechanics Module\" > \"Beam\" (beam).\n* **Study Type:** Select \"Preset Studies for Selected Physics Interfaces\" > \"Random Vibration (PSD)\".\n\n* **Parameters:**\n    * Define a parameter 'F' with a value of 1e6 [N/m] to represent the edge load magnitude.\n    * This will be used later to define both the deterministic edge load for eigenfrequency finding and the PSD of the random load.\n    * Define a parameter 'PSD' that is a derived parameter F^2 / 1 [Hz].\n\n\n**2. Geometry Definition:**\n\n* **Line Segment:**\n    * In the \"Geometry\" toolbar, click \"More Primitives\" and choose \"Line Segment\".\n    * Define the line segment from point A (0,0,0) to point B (10,0,0) to represent the beam.\n\n**3. Material Properties:**\n\n* **Material:** Create a new material with the following properties:\n    * Young's Modulus (E): 2e11 [Pa] Property Group: Young\u2019s modulus and Poisson\u2019s ratio\n    * Poisson's Ratio (nu): 0.3 Property Group: Young\u2019s modulus and Poisson\u2019s ratio\n    * Density (\u03c1): 8000 [kg/m\u00b3] Property Group: Basic\n\n**4. Beam Settings:**\n\n* **Beam Formulation:** Select \"Timoshenko\" from the list.\n* **Cross-Section Data:**\n    * Choose \"Common sections\" and set `hy = 2 [m]` and `hz = 2 [m]` for a square cross-section.\n    * Define the section orientation using the \"Orientation vector\" method with `V = (0,0,1)`.\n* **Linear Elastic Material:**\n* **Damping:**\n    * Add a \"Damping\" node under \"Linear Elastic Material\".\n    * Set \"Damping model\" to \"Rayleigh damping\".\n    * Enter the mass damping coefficient: `\u03b1dM = 5.36`.\n    * Enter the stiffness damping coefficient: `\u03b2dK = 7.46e-5`.\n\n**5. Boundary Conditions:**\n\n* **Prescribed Displacement/Rotation at Point 1:**\n    *  Fix all displacements (u, v, w) and rotation about x-axis (thx).\n* **Prescribed Displacement/Rotation at Point 2:**\n    *  Fix displacements in y and z directions (v, w).\n\n**6. Meshing:**\n\n* **Edge 1:**\n    * Select \"Edge\" under Boundary and choose Distribution under Edge 1.\n\n** 7. Global Definitions:**\n* **Global Reduced-Model Inputs:**\n    * Under Global Definitions and Reduced Order Modeling, add Global Reduced-Model Inputs Fy (Control name) and F (Expression).\n\n** 8. **Edge Load:**\n    * Add an \"Edge Load\" to Edge 1.\n    * In \"Force\", set the y-component `Fy = F` for the F_L vector (referencing the parameter defined earlier).\n    * This deterministic load will be used to compute the eigenfrequency in the first study.\n\n** 9. ** Eigenfrequency Computation:**\n   * Search for eigenfrequencies around 40 [Hz].\n   * Disable Damping, since the eigenmode computation should be done without damping applied.\n   * Compute the eigenfrequencies and add a Global Evaluation that evaluates beam.freq at the first eigenfrequency.\n   * Export this table to OUTPUT_PATH/output.txt\n", "ground_truth_code": "\nmodel.param().set(\"F\", \"1e6 [N/m]\");\nmodel.param().set(\"PSD\", \"F^2/1[Hz]\");\n\nmodel.component().create(\"comp1\", true);\n\nmodel.component(\"comp1\").geom().create(\"geom1\", 3);\n\nmodel.result().table().create(\"tbl1\", \"Table\");\nmodel.result().evaluationGroup().create(\"std1EvgFrq\", \"EvaluationGroup\");\nmodel.result().evaluationGroup(\"std1EvgFrq\").create(\"gev1\", \"EvalGlobal\");\n\nmodel.component(\"comp1\").mesh().create(\"mesh1\");\n\nmodel.component(\"comp1\").geom(\"geom1\").create(\"ls1\", \"LineSegment\");\nmodel.component(\"comp1\").geom(\"geom1\").feature(\"ls1\").set(\"specify1\", \"coord\");\nmodel.component(\"comp1\").geom(\"geom1\").feature(\"ls1\").set(\"specify2\", \"coord\");\nmodel.component(\"comp1\").geom(\"geom1\").feature(\"ls1\").set(\"coord2\", new int[]{10, 0, 0});\nmodel.component(\"comp1\").geom(\"geom1\").run();\n\nmodel.component(\"comp1\").material().create(\"mat1\", \"Common\");\nmodel.component(\"comp1\").material(\"mat1\").propertyGroup().create(\"Enu\", \"Young's modulus and Poisson's ratio\");\n\nmodel.common().create(\"grmi1\", \"GlobalReducedModelInputs\", \"\");\n\nmodel.component(\"comp1\").physics().create(\"beam\", \"HermitianBeam\", \"geom1\");\nmodel.component(\"comp1\").physics(\"beam\").feature(\"emm1\").create(\"dmp1\", \"Damping\", 1);\nmodel.component(\"comp1\").physics(\"beam\").create(\"pdr1\", \"DispRot0\", 0);\nmodel.component(\"comp1\").physics(\"beam\").feature(\"pdr1\").selection().set(1);\nmodel.component(\"comp1\").physics(\"beam\").create(\"pdr2\", \"DispRot0\", 0);\nmodel.component(\"comp1\").physics(\"beam\").feature(\"pdr2\").selection().set(2);\nmodel.component(\"comp1\").physics(\"beam\").create(\"el1\", \"EdgeLoad\", 1);\nmodel.component(\"comp1\").physics(\"beam\").feature(\"el1\").selection().set(1);\n\nmodel.component(\"comp1\").mesh(\"mesh1\").create(\"edg1\", \"Edge\");\nmodel.component(\"comp1\").mesh(\"mesh1\").feature(\"edg1\").selection().set(1);\nmodel.component(\"comp1\").mesh(\"mesh1\").feature(\"edg1\").create(\"dis1\", \"Distribution\");\n\nmodel.reduced().create(\"rom1\", \"ModalFrequency\");\nmodel.reduced().create(\"rvib1\", \"RandomVibration\");\n\nmodel.result().table(\"tbl1\").comments(\"Global Evaluation 1\");\n\nmodel.component(\"comp1\").material(\"mat1\").propertyGroup(\"def\").set(\"density\", \"8000\");\nmodel.component(\"comp1\").material(\"mat1\").propertyGroup(\"Enu\").set(\"E\", \"2e11\");\nmodel.component(\"comp1\").material(\"mat1\").propertyGroup(\"Enu\").set(\"nu\", \"0.3\");\n\nmodel.common(\"grmi1\").set(\"name\", new String[]{\"Fy\"});\nmodel.common(\"grmi1\").set(\"expression\", new String[]{\"F\"});\n\nmodel.component(\"comp1\").physics(\"beam\").prop(\"BeamFormulation\").set(\"BeamFormulation\", \"Timoshenko\");\nmodel.component(\"comp1\").physics(\"beam\").feature(\"emm1\").feature(\"dmp1\").set(\"alpha_dM\", 5.36);\nmodel.component(\"comp1\").physics(\"beam\").feature(\"emm1\").feature(\"dmp1\").set(\"beta_dK\", \"7.46e-5\");\nmodel.component(\"comp1\").physics(\"beam\").feature(\"csd1\").set(\"CrossSectionDefinition\", \"CommonSections\");\nmodel.component(\"comp1\").physics(\"beam\").feature(\"csd1\").set(\"hy_rect\", 2);\nmodel.component(\"comp1\").physics(\"beam\").feature(\"csd1\").set(\"hz_rect\", 2);\nmodel.component(\"comp1\").physics(\"beam\").feature(\"csd1\").feature(\"so1\").set(\"OrientationMethod\", \"vector_beam\");\nmodel.component(\"comp1\").physics(\"beam\").feature(\"csd1\").feature(\"so1\")\n      .set(\"vector_beam\", new int[][]{{0}, {0}, {1}});\nmodel.component(\"comp1\").physics(\"beam\").feature(\"pdr1\").set(\"RotationType\", \"RotationGroup\");\nmodel.component(\"comp1\").physics(\"beam\").feature(\"pdr1\").set(\"FreeRotationAround\", new int[][]{{0}, {1}, {1}});\nmodel.component(\"comp1\").physics(\"beam\").feature(\"pdr1\")\n      .set(\"Direction\", new String[][]{{\"prescribed\"}, {\"prescribed\"}, {\"prescribed\"}});\nmodel.component(\"comp1\").physics(\"beam\").feature(\"pdr2\")\n      .set(\"Direction\", new String[][]{{\"free\"}, {\"prescribed\"}, {\"prescribed\"}});\nmodel.component(\"comp1\").physics(\"beam\").feature(\"el1\").set(\"FeperLength\", new String[][]{{\"0\"}, {\"Fy\"}, {\"0\"}});\n\nmodel.component(\"comp1\").mesh(\"mesh1\").run();\n\nmodel.reduced(\"rom1\").set(\"interf\", \"stateless\");\nmodel.reduced(\"rom1\").set(\"freq\", \"freq\");\nmodel.reduced(\"rom1\").set(\"freq_src\", \"fromSolver\");\nmodel.reduced(\"rom1\").set(\"form\", \"Automatic\");\nmodel.reduced(\"rom1\").set(\"controls\", new String[]{});\nmodel.reduced(\"rom1\").set(\"constrStateNames\", new String[]{});\nmodel.reduced(\"rom1\").set(\"constrStateDescrs\", new String[]{});\nmodel.reduced(\"rom1\").set(\"constrStateExprs\", new String[]{});\nmodel.reduced(\"rom1\").set(\"constrStateUsed\", new String[]{});\nmodel.reduced(\"rom1\").set(\"constrStateMap\", new int[]{});\nmodel.reduced(\"rom1\").set(\"depvarnames\", new String[]{});\nmodel.reduced(\"rom1\").set(\"depvars\", false);\nmodel.reduced(\"rom1\").set(\"loadfact\", \"0\");\nmodel.reduced(\"rvib1\").set(\"frequencyResponseModel\", \"rom1\");\n\nmodel.study().create(\"std1\");\nmodel.study(\"std1\").create(\"eig\", \"Eigenfrequency\");\nmodel.study(\"std1\").feature(\"eig\").set(\"useadvanceddisable\", true);\nmodel.study(\"std1\").feature(\"eig\").set(\"disabledphysics\", new String[]{\"beam/emm1/dmp1\"});\nmodel.study().create(\"std2\");\nmodel.study(\"std2\").create(\"mr\", \"ModelReduction\");\nmodel.study(\"std2\").feature(\"mr\").feature().create(\"freq1\", \"Frequency\");\n\nmodel.sol().create(\"sol1\");\nmodel.sol(\"sol1\").study(\"std1\");\nmodel.sol(\"sol1\").attach(\"std1\");\nmodel.sol(\"sol1\").create(\"st1\", \"StudyStep\");\nmodel.sol(\"sol1\").create(\"v1\", \"Variables\");\nmodel.sol(\"sol1\").create(\"e1\", \"Eigenvalue\");\n\nmodel.result().numerical().create(\"gev1\", \"EvalGlobal\");\nmodel.result().numerical(\"gev1\").set(\"probetag\", \"none\");\nmodel.result().create(\"pg1\", \"PlotGroup3D\");\nmodel.result(\"pg1\").create(\"line1\", \"Line\");\nmodel.result(\"pg1\").feature(\"line1\").create(\"def\", \"Deform\");\n\nmodel.study(\"std1\").feature(\"eig\").set(\"neigs\", 12);\nmodel.study(\"std1\").feature(\"eig\").set(\"neigsactive\", true);\nmodel.study(\"std1\").feature(\"eig\").set(\"shift\", \"40\");\nmodel.study(\"std2\").feature(\"mr\").set(\"trainingStudy\", \"std1\");\nmodel.study(\"std2\").feature(\"mr\").set(\"trainingStep\", \"eig\");\nmodel.study(\"std2\").feature(\"mr\").set(\"trainingStepConstr\", \"auto\");\nmodel.study(\"std2\").feature(\"mr\").set(\"unreducedModelStudy\", \"std2\");\nmodel.study(\"std2\").feature(\"mr\").set(\"unreducedModelStep\", \"freq1\");\nmodel.study(\"std2\").feature(\"mr\").set(\"romdata\", \"rom1\");\nmodel.study(\"std2\").feature(\"mr\").feature(\"freq1\").set(\"plist\", 100);\n\nmodel.sol(\"sol1\").attach(\"std1\");\nmodel.sol(\"sol1\").feature(\"st1\").label(\"Compile Equations: Eigenfrequency\");\nmodel.sol(\"sol1\").feature(\"v1\").label(\"Dependent Variables 1.1\");\nmodel.sol(\"sol1\").feature(\"e1\").label(\"Eigenvalue Solver 1.1\");\nmodel.sol(\"sol1\").feature(\"e1\").set(\"transform\", \"eigenfrequency\");\nmodel.sol(\"sol1\").feature(\"e1\").set(\"neigs\", 12);\nmodel.sol(\"sol1\").feature(\"e1\").set(\"shift\", \"40\");\nmodel.sol(\"sol1\").feature(\"e1\").set(\"eigvfunscale\", \"maximum\");\nmodel.sol(\"sol1\").feature(\"e1\").set(\"eigvfunscaleparam\", 9.999999999999999E-6);\nmodel.sol(\"sol1\").feature(\"e1\").feature(\"dDef\").label(\"Direct 1\");\nmodel.sol(\"sol1\").feature(\"e1\").feature(\"aDef\").label(\"Advanced 1\");\nmodel.sol(\"sol1\").feature(\"e1\").feature(\"aDef\").set(\"cachepattern\", true);\nmodel.sol(\"sol1\").runAll();\n\nmodel.result().numerical(\"gev1\").set(\"looplevelinput\", new String[]{\"first\"});\nmodel.result().numerical(\"gev1\").set(\"table\", \"tbl1\");\nmodel.result().numerical(\"gev1\").set(\"expr\", new String[]{\"beam.freq\"});\nmodel.result().numerical(\"gev1\").set(\"unit\", new String[]{\"Hz\"});\nmodel.result().numerical(\"gev1\").set(\"descr\", new String[]{\"Frequency\"});\nmodel.result().numerical(\"gev1\")\n      .set(\"const\", new String[][]{{\"beam.refpntx\", \"0\", \"Reference point for moment computation, x-coordinate\"},\n      {\"beam.refpnty\", \"0\", \"Reference point for moment computation, y-coordinate\"},\n      {\"beam.refpntz\", \"0\", \"Reference point for moment computation, z-coordinate\"},\n      {\"rom1.loadfact\", \"0\", \"Load factor\"}});\nmodel.result().numerical(\"gev1\").setResult();\nmodel.result().evaluationGroup(\"std1EvgFrq\").label(\"Eigenfrequencies (Study 1)\");\nmodel.result().evaluationGroup(\"std1EvgFrq\").set(\"data\", \"dset1\");\nmodel.result().evaluationGroup(\"std1EvgFrq\").set(\"looplevelinput\", new String[]{\"all\"});\nmodel.result().evaluationGroup(\"std1EvgFrq\").feature(\"gev1\")\n      .set(\"expr\", new String[]{\"2*pi*freq\", \"imag(freq)/abs(freq)\", \"abs(freq)/imag(freq)/2\"});\nmodel.result().evaluationGroup(\"std1EvgFrq\").feature(\"gev1\").set(\"unit\", new String[]{\"rad/s\", \"1\", \"1\"});\nmodel.result().evaluationGroup(\"std1EvgFrq\").feature(\"gev1\")\n      .set(\"descr\", new String[]{\"Angular frequency\", \"Damping ratio\", \"Quality factor\"});\nmodel.result().evaluationGroup(\"std1EvgFrq\").feature(\"gev1\")\n      .set(\"const\", new String[][]{{\"beam.refpntx\", \"0\", \"Reference point for moment computation, x-coordinate\"},\n      {\"beam.refpnty\", \"0\", \"Reference point for moment computation, y-coordinate\"},\n      {\"beam.refpntz\", \"0\", \"Reference point for moment computation, z-coordinate\"},\n      {\"rom1.loadfact\", \"0\", \"Load factor\"}});\nmodel.result().evaluationGroup(\"std1EvgFrq\").run();\nmodel.result(\"pg1\").label(\"Mode Shape (beam)\");\nmodel.result(\"pg1\").set(\"showlegends\", false);\nmodel.result(\"pg1\").feature(\"line1\")\n      .set(\"const\", new String[][]{{\"beam.refpntx\", \"0\", \"Reference point for moment computation, x-coordinate\"},\n      {\"beam.refpnty\", \"0\", \"Reference point for moment computation, y-coordinate\"},\n      {\"beam.refpntz\", \"0\", \"Reference point for moment computation, z-coordinate\"},\n      {\"rom1.loadfact\", \"0\", \"Load factor\"}});\nmodel.result(\"pg1\").feature(\"line1\").set(\"linetype\", \"tube\");\nmodel.result(\"pg1\").feature(\"line1\").set(\"radiusexpr\", \"beam.re\");\nmodel.result(\"pg1\").feature(\"line1\").set(\"tuberadiusscaleactive\", true);\nmodel.result(\"pg1\").feature(\"line1\").set(\"tubeendcaps\", false);\nmodel.result(\"pg1\").feature(\"line1\").set(\"colortable\", \"AuroraBorealis\");\nmodel.result(\"pg1\").feature(\"line1\").set(\"threshold\", \"manual\");\nmodel.result(\"pg1\").feature(\"line1\").set(\"thresholdvalue\", 0.2);\nmodel.result(\"pg1\").feature(\"line1\").set(\"resolution\", \"normal\");\nmodel.result(\"pg1\").feature(\"line1\").feature(\"def\").set(\"scale\", 31231.262143768323);\nmodel.result(\"pg1\").feature(\"line1\").feature(\"def\").set(\"scaleactive\", false);\nmodel.result().table(\"tbl1\").save(\"OUTPUT_PATH/output.txt\");\n", "selection_information": "\nPOINTS:\nPoint A (x=0 m): Point 1\nPoint B (x = 10 m): Point 2\n\nEDGES:\nMesh Edges: Edge 1\nEdge Load: Edge 1\n\n", "target_tree": "model\n\u251c\u2500 parameters\n\u2502  \u2514\u2500 Parameters 1\n\u251c\u2500 functions\n\u251c\u2500 components\n\u2502  \u2514\u2500 Component 1\n\u251c\u2500 geometries\n\u2502  \u2514\u2500 Geometry 1\n\u2502     \u251c\u2500 Line Segment 1\n\u2502     \u2514\u2500 Form Union\n\u251c\u2500 views\n\u2502  \u2514\u2500 View 1\n\u251c\u2500 selections\n\u251c\u2500 coordinates\n\u2502  \u251c\u2500 Boundary System 1\n\u2502  \u2514\u2500 Beam, Local System\n\u251c\u2500 variables\n\u2502  \u251c\u2500 Derived Variables 1\n\u2502  \u251c\u2500 Derived Variables 2\n\u2502  \u251c\u2500 Derived Variables 3\n\u2502  \u251c\u2500 Derived Variables 4\n\u2502  \u251c\u2500 Derived Variables 5\n\u2502  \u251c\u2500 Derived Variables 6\n\u2502  \u251c\u2500 Derived Variables 7\n\u2502  \u251c\u2500 Derived Variables 8\n\u2502  \u251c\u2500 Derived Variables 9\n\u2502  \u251c\u2500 Derived Variables 10\n\u2502  \u251c\u2500 Derived Variables 11\n\u2502  \u251c\u2500 Derived Variables 12\n\u2502  \u251c\u2500 Derived Variables 13\n\u2502  \u251c\u2500 Derived Variables 14\n\u2502  \u2514\u2500 Derived Variables 15\n\u251c\u2500 couplings\n\u2502  \u251c\u2500 Maximum\n\u2502  \u251c\u2500 Integration\n\u2502  \u2514\u2500 Integration\n\u251c\u2500 physics\n\u2502  \u2514\u2500 Beam\n\u2502     \u251c\u2500 Linear Elastic Material 1\n\u2502     \u2502  \u2514\u2500 Damping 1\n\u2502     \u251c\u2500 Cross-Section Data 1\n\u2502     \u2502  \u2514\u2500 Section Orientation 1\n\u2502     \u251c\u2500 Free 1\n\u2502     \u251c\u2500 Initial Values 1\n\u2502     \u251c\u2500 Continuity 1\n\u2502     \u251c\u2500 Prescribed Displacement//Rotation 1\n\u2502     \u251c\u2500 Prescribed Displacement//Rotation 2\n\u2502     \u2514\u2500 Edge Load 1\n\u251c\u2500 multiphysics\n\u251c\u2500 materials\n\u2502  \u2514\u2500 Material 1\n\u2502     \u251c\u2500 Basic\n\u2502     \u2514\u2500 Young's modulus and Poisson's ratio\n\u251c\u2500 meshes\n\u2502  \u2514\u2500 Mesh 1\n\u2502     \u251c\u2500 Size\n\u2502     \u2514\u2500 Edge 1\n\u2502        \u2514\u2500 Distribution 1\n\u251c\u2500 studies\n\u2502  \u251c\u2500 Study 1\n\u2502  \u2502  \u2514\u2500 Eigenfrequency\n\u2502  \u2514\u2500 Study 2\n\u2502     \u2514\u2500 Model Reduction\n\u2502        \u2514\u2500 Frequency Domain 1\n\u251c\u2500 solutions\n\u2502  \u2514\u2500 Solution 1\n\u2502     \u251c\u2500 Compile Equations: Eigenfrequency\n\u2502     \u251c\u2500 Dependent Variables 1.1\n\u2502     \u2502  \u2514\u2500 Displacement field (comp1.u)\n\u2502     \u2514\u2500 Eigenvalue Solver 1.1\n\u2502        \u251c\u2500 Direct 1\n\u2502        \u2514\u2500 Advanced 1\n\u251c\u2500 batches\n\u251c\u2500 datasets\n\u2502  \u2514\u2500 Study 1//Solution 1\n\u251c\u2500 evaluations\n\u2502  \u2514\u2500 Global Evaluation 1\n\u251c\u2500 tables\n\u2502  \u2514\u2500 Table 1\n\u251c\u2500 plots\n\u2502  \u2514\u2500 Mode Shape (beam)\n\u2502     \u2514\u2500 Line 1\n\u2502        \u2514\u2500 Deformation\n\u2514\u2500 exports\n"}