{"comsol_model_id": 12681, "target_value": 61.4, "target_units": "MPa", "target_description": "Normal Stress component (s_xx) at point D (x=0 [m], y=2 [m]) in MPa.", "model_specifications": "\n## 2D Tapered Cantilever Beam Under Static Load\n\n**ANALYSIS TYPE:** Linear Elastic Static Analysis\n\n**GEOMETRY:**\n\nThe geometry is a tapered cantilever beam defined as follows:\n\n* **Shape:** Trapezoidal cross-section, constant thickness.\n* **Dimensions:**\n    * Length (x-direction): 4 meters\n    * Width at fixed end (y-direction): 4 meters\n    * Width at free end (y-direction): 2 meters\n    * Thickness (z-direction): 0.1 meters\n* **Key Points:**\n    * Point D: Located at the midpoint of the fixed end (x = 0 m, y = 2 m)\n\n**LOADING:**\n\nGravity load is not present and instead a uniformly distributed horizontal load, F, of 10 MN/m acts along the right end, toward the right (+ x).\n\n**BOUNDARY CONDITIONS:**\n\n* **Fixed Midpoint:** At the left end (x = 0 [m]) there is no displacement in the x direction. The midpoint location of the left end (x = 0 [m], y = 2 [m]) is fixed in the y direction,\nwith rollers along the rest of the left end.\n\n**MATERIAL PROPERTIES:**\n\nThe beam material is isotropic with the following properties:\n\n* Young\u2019s Modulus (E): 210 GPa\n* Poisson's Ratio (\u03bd): 0.3\n* Density (\u03c1): 7000 kg/m\u00b3\n\n**ELEMENT TYPES:**\nUse a FreeTriangular mesh.\n\n**OUTPUT:**\n\nThe horizontal (x direction) normal stress at point D (x = 0 m, y = 2 m) in MPa.\nExport the table containing this value to OUTPUT_PATH/output.txt.\n\n", "plan": "## Implementing the Tapered Cantilever Shear Stress Analysis in COMSOL Multiphysics\n\nThis implementation plan outlines the steps to model the tapered cantilever beam under a force load in COMSOL Multiphysics and compute the target value: the normal stress in the x direction at point D.\n\n**1. Model Setup:**\n\n* **New Model:** Open COMSOL Multiphysics and create a new model.\n* **Space Dimension:** Select `2D`.\n* **Physics Interface:**\n    * Choose `Structural Mechanics Module > Solid Mechanics`.\n* **Study Type:** Select `Stationary`.\n\n**2. Geometry Creation:**\n\n* **Polygon:**\n    * In the `Geometry` toolbar, click `Polygon`.\n    * In the `Settings` window for `Polygon`, locate the `Coordinates` section.\n    * From the `Data source` list, choose `Vectors`.\n    * Enter the x-coordinates: `0  4  4  0  0`\n    * Enter the y-coordinates: `0  1  3  4  0`\n    * Click `Build Selected`.\n* **Point:**\n    * In the `Geometry` toolbar, click `Point`.\n    * In the `Settings` window for `Point`, locate the `Point` section.\n    * In the `y` text field, type `2`.\n    * Click `Build Selected`.\n* **Form Union:**\n    * Click `Form Union/Assembly`\n    * Click `Build Selected`.\n\n**3. Material Definition:**\n\n* **New Material:**\n    * Right-click `Materials` and select `Blank Material`. This material is associated with Domain 1.\n    * In the `Settings` window for `Material`, locate the `Material Contents` section.\n    * Enter the following material properties:\n        * Young's Modulus (E): `210[GPa]`\n        * Poisson's Ratio (\u03bd): `0.3`\n        * Density (\u03c1): `7000[kg/m^3]`\n\n**4. Global Definitions:**\n* **Load Group (Force):**\n    * Right-click `Load and Constraint Groups` and choose `Load Group`.\n    * In the `Settings`, type `Load Group Force` in the `Label` field.\n    * In the `Parameter name` field, type `lgF`.\n* **Constraint Group (Force):**\n    * Right-click `Load and Constraint Groups` and choose `Constraint Group`.\n    * In the `Settings`, type `Constraint Group Force` in the `Label` field.\n    * In the `Parameter name` field, type `cgForce`.\n\n**5. Physics Settings:**\n\n* **Thickness:**\n    * In the `Settings` window for `Solid Mechanics`, locate the `Thickness` section.\n    * In the `d` text field, type `0.1`.\n* **Roller:**\n    * In the Physics toolbar, click Boundaries and choose Roller.\n    * Select Boundaries 1 and 3 only.\n    * In the Physics toolbar, click Constraint Group and choose Constraint Group Force.\n* **Boundary Load 1:**\n  * Click Boundaries and choose Boundary Load.\n  * Select Boundary 5 only.\n  * In the Settings window for Boundary Load, locate the Force section.\n  * From the Load type list, choose Force per unit length.\n  * Specify the FL vector as, x: 10 [MN/m] and y: 0\n  * Click Load Group and choose Load Group Force.\n* **Fixed Constraint (for Force Load Case):**\n    * In the `Physics` toolbar, click `Points` and choose `Fixed Constraint`.\n    * Select `Point 2`.\n\n**6. Meshing:**\n\n* **Mesh Creation:** Right-click on the `Mesh` node and choose `Free Triangular` and Build All.\n\n**7. Study Setup and Load Cases:**\n\n* **Study Extensions:**\n    * In the `Settings` window for `Stationary`, click to expand the `Study Extensions` section.\n    * Select the `Define load cases` check box.\n* **Load Case 1 (Force):**\n    * In the table for the first load case, enter the following settings, ensuring that the `Load Group Force` and `Constraint Group Force` options are checked and the weight is 1.\n\n**8. Solving the Model:**\n\n* In the `Home` toolbar, click `Compute`.\n\n**9. Post-Processing:**\n\n* **Point Evaluation (for numerical output):**\n    * In the `Results` toolbar, click `Point Evaluation`.\n    * In the `Settings` window, type `Point Evaluation - Normal Stress` in the `Label` field.\n    * Select `Point 2`.\n    * In the `Expressions` section, enter `solid.sxy`.\n    * Ensure the units are in MPa.\n    * Click `Evaluate`.\n    * Export this table to OUTPUT_PATH/output.txt\n\n", "ground_truth_code": "\nmodel.component().create(\"comp1\", true);\nmodel.component(\"comp1\").geom().create(\"geom1\", 2);\n\nmodel.component(\"comp1\").geom(\"geom1\").create(\"pol1\", \"Polygon\");\nmodel.component(\"comp1\").geom(\"geom1\").feature(\"pol1\").set(\"x\", \"0  4  4  0  0\");\nmodel.component(\"comp1\").geom(\"geom1\").feature(\"pol1\").set(\"y\", \"0  1  3  4  0\");\nmodel.component(\"comp1\").geom(\"geom1\").create(\"pt1\", \"Point\");\nmodel.component(\"comp1\").geom(\"geom1\").feature(\"pt1\").set(\"p\", new int[]{0, 2});\nmodel.component(\"comp1\").geom(\"geom1\").run();\nmodel.component(\"comp1\").geom(\"geom1\").run(\"fin\");\n\nmodel.component(\"comp1\").material().create(\"mat1\", \"Common\");\nmodel.component(\"comp1\").material(\"mat1\").propertyGroup().create(\"Enu\", \"Young's modulus and Poisson's ratio\");\n\nmodel.group().create(\"lg1\", \"LoadGroup\");\nmodel.group(\"lg1\").paramName(\"lgF\");\nmodel.group().create(\"cg1\", \"ConstraintGroup\");\nmodel.group(\"cg1\").paramName(\"cgForce\");\n\nmodel.component(\"comp1\").physics().create(\"solid\", \"SolidMechanics\", \"geom1\");\nmodel.component(\"comp1\").physics(\"solid\").create(\"fix1\", \"Fixed\", 0);\nmodel.component(\"comp1\").physics(\"solid\").feature(\"fix1\").selection().set(2);\nmodel.component(\"comp1\").physics(\"solid\").create(\"roll1\", \"Roller\", 1);\nmodel.component(\"comp1\").physics(\"solid\").feature(\"roll1\").selection().set(1, 3);\nmodel.component(\"comp1\").physics(\"solid\").create(\"bndl1\", \"BoundaryLoad\", 1);\nmodel.component(\"comp1\").physics(\"solid\").feature(\"bndl1\").selection().set(5);\n\nmodel.component(\"comp1\").mesh().create(\"mesh1\");\nmodel.component(\"comp1\").mesh(\"mesh1\").create(\"ftri1\", \"FreeTri\");\n\n\nmodel.result().table().create(\"tbl1\", \"Table\");\nmodel.result().table(\"tbl1\").comments(\"Point Evaluation - normal stress\");\n\nmodel.component(\"comp1\").material(\"mat1\").propertyGroup(\"def\").set(\"density\", \"7000\");\nmodel.component(\"comp1\").material(\"mat1\").propertyGroup(\"Enu\").set(\"E\", \"210[GPa]\");\nmodel.component(\"comp1\").material(\"mat1\").propertyGroup(\"Enu\").set(\"nu\", \"0.3\");\n\nmodel.group(\"lg1\").label(\"Load Group Force\");\nmodel.group(\"cg1\").label(\"Constraint Group Force\");\n\nmodel.component(\"comp1\").physics(\"solid\").prop(\"d\").set(\"d\", 0.1);\nmodel.component(\"comp1\").physics(\"solid\").feature(\"fix1\").set(\"constraintGroup\", \"cg1\");\nmodel.component(\"comp1\").physics(\"solid\").feature(\"roll1\").set(\"constraintGroup\", \"cg1\");\nmodel.component(\"comp1\").physics(\"solid\").feature(\"bndl1\").set(\"LoadType\", \"ForceLength\");\nmodel.component(\"comp1\").physics(\"solid\").feature(\"bndl1\")\n      .set(\"FperLength\", new String[][]{{\"10 [MN/m]\"}, {\"0\"}, {\"0\"}});\nmodel.component(\"comp1\").physics(\"solid\").feature(\"bndl1\").set(\"loadGroup\", \"lg1\");\n\nmodel.component(\"comp1\").mesh(\"mesh1\").run();\n\nmodel.study().create(\"std1\");\nmodel.study(\"std1\").create(\"stat\", \"Stationary\");\nmodel.study(\"std1\").feature(\"stat\").set(\"useloadcase\", true);\nmodel.study(\"std1\").feature(\"stat\").set(\"loadcase\", new String[]{\"Load case 1\"});\nmodel.study(\"std1\").feature(\"stat\").set(\"loadgroup\", new String[][]{{\"on\"}});\nmodel.study(\"std1\").feature(\"stat\").set(\"loadgroupweight\", new String[][]{{\"1.0\"}});\nmodel.study(\"std1\").feature(\"stat\").set(\"constraintgroup\", new String[][]{{\"on\"}});\n\nmodel.sol().create(\"sol1\");\nmodel.sol(\"sol1\").study(\"std1\");\nmodel.sol(\"sol1\").attach(\"std1\");\nmodel.sol(\"sol1\").create(\"st1\", \"StudyStep\");\nmodel.sol(\"sol1\").create(\"v1\", \"Variables\");\nmodel.sol(\"sol1\").create(\"s1\", \"Stationary\");\nmodel.sol(\"sol1\").feature(\"s1\").create(\"p1\", \"Parametric\");\nmodel.sol(\"sol1\").feature(\"s1\").create(\"fc1\", \"FullyCoupled\");\nmodel.sol(\"sol1\").feature(\"s1\").feature().remove(\"fcDef\");\n\nmodel.result().numerical().create(\"pev1\", \"EvalPoint\");\nmodel.result().numerical(\"pev1\").selection().set(2);\nmodel.result().numerical(\"pev1\").set(\"probetag\", \"none\");\n\n\nmodel.sol(\"sol1\").attach(\"std1\");\nmodel.sol(\"sol1\").feature(\"st1\").label(\"Compile Equations: Stationary\");\nmodel.sol(\"sol1\").feature(\"v1\").label(\"Dependent Variables 1.1\");\nmodel.sol(\"sol1\").feature(\"s1\").label(\"Stationary Solver 1.1\");\nmodel.sol(\"sol1\").feature(\"s1\").set(\"probesel\", \"none\");\nmodel.sol(\"sol1\").feature(\"s1\").feature(\"dDef\").label(\"Direct 1\");\nmodel.sol(\"sol1\").feature(\"s1\").feature(\"aDef\").label(\"Advanced 1\");\nmodel.sol(\"sol1\").feature(\"s1\").feature(\"aDef\").set(\"cachepattern\", true);\nmodel.sol(\"sol1\").feature(\"s1\").feature(\"p1\").label(\"Parametric 1.1\");\nmodel.sol(\"sol1\").feature(\"s1\").feature(\"p1\").set(\"plooporder\", \"manual\");\nmodel.sol(\"sol1\").feature(\"s1\").feature(\"p1\").set(\"useloadcase\", true);\nmodel.sol(\"sol1\").feature(\"s1\").feature(\"p1\").set(\"loadgroup\", new String[][]{{\"on\"}});\nmodel.sol(\"sol1\").feature(\"s1\").feature(\"fc1\").label(\"Fully Coupled 1.1\");\nmodel.sol(\"sol1\").runAll();\n\nmodel.result().numerical(\"pev1\").label(\"Point Evaluation - normal stress\");\nmodel.result().numerical(\"pev1\").set(\"table\", \"tbl1\");\nmodel.result().numerical(\"pev1\").set(\"expr\", new String[]{\"solid.sGpxx\"});\nmodel.result().numerical(\"pev1\").set(\"unit\", new String[]{\"MPa\"});\nmodel.result().numerical(\"pev1\").set(\"descr\", new String[]{\"Stress tensor, Gauss point evaluation, xx-component\"});\nmodel.result().numerical(\"pev1\")\n      .set(\"const\", new String[][]{{\"solid.refpntx\", \"0\", \"Reference point for moment computation, x-coordinate\"}, {\"solid.refpnty\", \"0\", \"Reference point for moment computation, y-coordinate\"}, {\"solid.refpntz\", \"0\", \"Reference point for moment computation, z-coordinate\"}});\nmodel.result().numerical(\"pev1\").setResult();\nmodel.result().table(\"tbl1\").save(\"OUTPUT_PATH/output.txt\");\n", "selection_information": "\nDOMAINS:\nMaterial: Domain 1\nBody Load: Domain 1\n\nBOUNDARIES:\nRoller: Boundaries `1` and `3`\nBoundary Load: Boundary 5\n\nPOINTS:\nFixed Constraint: Point 2\n", "target_tree": "model\n\u251c\u2500 parameters\n\u2502  \u2514\u2500 Parameters 1\n\u251c\u2500 functions\n\u251c\u2500 components\n\u2502  \u2514\u2500 Component 1\n\u251c\u2500 geometries\n\u2502  \u2514\u2500 Geometry 1\n\u2502     \u251c\u2500 Polygon 1\n\u2502     \u251c\u2500 Point 1\n\u2502     \u2514\u2500 Form Union\n\u251c\u2500 views\n\u2502  \u2514\u2500 View 1\n\u251c\u2500 selections\n\u251c\u2500 coordinates\n\u2502  \u2514\u2500 Boundary System 1\n\u251c\u2500 variables\n\u2502  \u251c\u2500 Derived Variables 1\n\u2502  \u251c\u2500 Derived Variables 2\n\u2502  \u251c\u2500 Derived Variables 3\n\u2502  \u251c\u2500 Derived Variables 4\n\u2502  \u251c\u2500 Derived Variables 5\n\u2502  \u251c\u2500 Derived Variables 6\n\u2502  \u251c\u2500 Derived Variables 7\n\u2502  \u251c\u2500 Derived Variables 8\n\u2502  \u251c\u2500 Derived Variables 9\n\u2502  \u251c\u2500 Derived Variables 10\n\u2502  \u251c\u2500 Derived Variables 11\n\u2502  \u251c\u2500 Derived Variables 12\n\u2502  \u251c\u2500 Derived Variables 13\n\u2502  \u251c\u2500 Derived Variables 14\n\u2502  \u251c\u2500 Derived Variables 15\n\u2502  \u251c\u2500 Derived Variables 16\n\u2502  \u251c\u2500 Derived Variables 17\n\u2502  \u2514\u2500 Derived Variables 18\n\u251c\u2500 couplings\n\u2502  \u251c\u2500 Integration\n\u2502  \u251c\u2500 Integration\n\u2502  \u2514\u2500 Integration\n\u251c\u2500 physics\n\u2502  \u2514\u2500 Solid Mechanics\n\u2502     \u251c\u2500 Linear Elastic Material 1\n\u2502     \u251c\u2500 Free 1\n\u2502     \u251c\u2500 Initial Values 1\n\u2502     \u251c\u2500 Contact 1\n\u2502     \u251c\u2500 Continuity 1\n\u2502     \u251c\u2500 Fixed Constraint 1\n\u2502     \u251c\u2500 Roller 1\n\u2502     \u2514\u2500 Boundary Load 1\n\u251c\u2500 multiphysics\n\u251c\u2500 materials\n\u2502  \u2514\u2500 Material 1\n\u2502     \u251c\u2500 Basic\n\u2502     \u2514\u2500 Young's modulus and Poisson's ratio\n\u251c\u2500 meshes\n\u2502  \u2514\u2500 Mesh 1\n\u2502     \u251c\u2500 Size\n\u2502     \u2514\u2500 Free Triangular 1\n\u251c\u2500 studies\n\u2502  \u2514\u2500 Study 1\n\u2502     \u2514\u2500 Stationary\n\u251c\u2500 solutions\n\u2502  \u2514\u2500 Solution 1\n\u2502     \u251c\u2500 Compile Equations: Stationary\n\u2502     \u251c\u2500 Dependent Variables 1.1\n\u2502     \u2502  \u2514\u2500 Displacement field (comp1.u)\n\u2502     \u2514\u2500 Stationary Solver 1.1\n\u2502        \u251c\u2500 Direct 1\n\u2502        \u251c\u2500 Advanced 1\n\u2502        \u251c\u2500 Parametric\n\u2502        \u251c\u2500 Parametric 1.1\n\u2502        \u2514\u2500 Fully Coupled 1.1\n\u251c\u2500 batches\n\u251c\u2500 datasets\n\u2502  \u2514\u2500 Study 1//Solution 1\n\u251c\u2500 evaluations\n\u2502  \u2514\u2500 Point Evaluation - normal stress\n\u251c\u2500 tables\n\u2502  \u2514\u2500 Table 1\n\u251c\u2500 plots\n\u2514\u2500 exports\n"}