{"comsol_model_id": 723, "target_value": 0.3176, "target_units": "1", "target_description": "The lowest electronic energy level (eigenvalue) for principal quantum number l=0 in the default eigenvalue units (rad/s or dimensionless)", "model_specifications": "\n## Finite Element Analysis of a Conical Quantum Dot\n\n** PARAMETERS: **\nThis is because the materials have the following effective masses me:\nInAs: 0.023 m_e\nGaAs: 0.067 m_e\n\nThe following parameters are needed in this problem. Do not define the parameters `me_const`, `e_const` or `hbar_const`, because they are already predefined.\n\n| Name      | Expression                        | Value           | Description                       |\n|-----------|-----------------------------------|-----------------|-----------------------------------|\n|   `m`     | `me_const[1/kg]/e_const[1/C]`     |  $5.6856 e-12$  | Electron mass in (eV/c^2)         |\n|   `hbar`  | `hbar_const[1/(J*s)]/e_const[1/C] | 6.5821 e-16 rad | Reduced Planck constant (eV*s)    |\n|   `V_In`  | `0`                               | 0               | Potential barrier for InAs (eV)   |\n|   `V_Ga`  | `0.697`                           | 0.697           | Potential barrier for GaAs (eV)   |\n|   `c_In`  | `hbar^2/(2*0.023*m)`              | 1.6565E-18 rad  | c coefficient for InAs            |\n|   `c_Ga`  | `hbar^2/(2*0.067*m)`              | 5.6865E-19 rad  | c coefficient for GaAs            |\n|   `l      | `0`                               | 0               | Principal quantum number          |\n\n\n**ANALYSIS TYPE:**\nEigenvalue problem: This implies that the analysis seeks to determine the allowed energy levels (eigenvalues) of an electron confined within the quantum dot system.\n\n**GEOMETRY:**\nThe domain is a 2D axisymmetric representation of a conical InAs quantum dot on a GaAs substrate with a wetting layer. Thus the cylinders can be represented as rectangles:\n* **GaAs Substrate:**  A cross-section of a cylinder with width 25 nm and a height of 100 nm, centered at (r=12.5, z=0) nm.\n* **Wetting Layer:** A cross-section of a cylinder with width 25 nm and a height of 2 nm, centered at (r=12.5, z=0) nm.\n* **Quantum Dot:** Conical shape defined by a polygon with the following coordinates (r, z): (0, 0), (12, 0), (0, 3.6) nm.\nThe quantum dot and wetting layer are first composed into a single contiguous geometrical object.\nThe GaAs substrate is then composed with the first composition.\n\n**PDE FORMULATION:**\nThe Schrodinger Equation can be simplified to the following PDE:\n$\n\\nabla \\cdot(-c \\nabla u-\\alpha u+\\gamma)+a u+\\beta \\cdot \\nabla u=d_{a} \\lambda u\n$\nwhere\n\n$\nc=\\frac{\\hbar^{2}}{2 m_{\\mathrm{e}}}, \\quad a=\\frac{\\hbar^{2}}{2 m_{\\mathrm{e}}} \\frac{l^{2}}{r^{2}}+V, \\quad \\beta_{r}=-\\frac{\\hbar^{2}}{2 m_{\\mathrm{e}}} \\frac{1}{r}, \\quad d_{a}=1\n$\n\nand $\\lambda=E_{l}$.\nInAs PDE:\nDiffusion Coefficient (c): c_In\nAbsorption Coefficient (a): c_In*(l/r)^2 + V_In\nConvection Coefficient (\u03b2): (r = -c_In/r, z = 0)\n\nGaAs PDE:\nDiffusion Coefficient (c): c_Ga\nAbsorption Coefficient (a): c_Ga*(l/r)^2 + V_Ga\nConvection Coefficient (\u03b2): (r = -c_Ga/r, z = 0)\n\n**BOUNDARY CONDITIONS:**\n* Dirichlet boundary condition.\n\n**MESHES:**\nA default triangular mesh.\n\n**OUTPUT:**\nThe analysis aims to calculate the lowest electronic energy level (eigenvalue) for the principal quantum number l = 0. The answer will be in the default eigenvalue units (rad/s or dimensionless).\n\nExport the table containing this target value to `OUTPUT_PATH/output.txt`\n", "plan": "\n## Implementing the Conical Quantum Dot Analysis in COMSOL Multiphysics:\n\n**1. Model Setup:**\n\n* **New Model:** Start COMSOL Multiphysics and create a new model.\n* **Space Dimension:** Select \"2D Axisymmetric\" for the space dimension.\n* **Physics Interface:** Choose \"Mathematics > PDE Interfaces > Coefficient Form PDE (c)\".\n* **Study Type** Choose the \"Eigenvalue\" study type.\n\n**2. Global Definitions:**\n\n* **Parameters:** Define the following parameters:\n    * Name | Expression | Value | Description\n    * `m`  | `me_const[1/kg]/e_const[1/C]` |  $5.6856 e-12$ | Electron mass in (eV/c^2)\n    * `hbar`| `hbar_const[1/(J*s)]/e_const[1/C] | 6.5821 e-16 rad | Reduced Planck constant (eV*s)\n    * `V_In`| `0` | 0 | Potential barrier for InAs (eV)\n    * `V_Ga`| `0.697` | 0.697 | Potential barrier for GaAs (eV)\n    * `c_In`| `hbar^2/(2*0.023*m)` | 1.6565E-18 rad | c coefficient for InAs\n    * `c_Ga`| `hbar^2/(2*0.067*m)` | 5.6865E-19 rad | c coefficient for GaAs\n    * `l| `0` | 0 | Principal quantum number\n\n**3. Geometry Definition:**\n\n* **Rectangle 1 (GaAs Substrate):**\n    * Create a rectangle with a width of 25 nm and a height of 100 nm, centered at (r=12.5, z=0) nm.\n* **Rectangle 2 (Wetting Layer):**\n    * Create a rectangle with a width of 25 nm and a height of 2 nm, centered at (r=12.5, z=0) nm.\n* **Polygon 1 (Quantum Dot):**\n    * Create a polygon with the following coordinates (r, z): (0, 0), (12, 0), (0, 3.6).\n* **Compose 1 (Wetting Layer + Quantum Dot):**\n    * Use the \"Compose\" operation (Booleans and Partitions) to add the polygon (Quantum Dot) to the Rectangle 2 (Wetting Layer), creating a single object.  Disable \"Keep Interior Boundaries\".\n* **Compose 2 (Full Structure):**\n    * Use the \"Compose\" operation again to add Compose 1 to Rectangle 1 (GaAs Substrate), creating the final geometry.\n\n\n**4. Physics Settings:**\n\n* **Coefficient Form PDE 1 (InAs region):**\n    * Select Domains 2 (Wetting Layer + Quantum Dot).\n    * **Diffusion Coefficient (c):** Set to `c_In`.\n    * **Absorption Coefficient (a):** Set to  `c_In*(l/r)^2 + V_In`.\n    * **Convection Coefficient (\u03b2):** Set the r component to `-c_In/r`, and the z component to `0`.\n* **Coefficient Form PDE 2 (GaAs region):**\n    * Select Domains 1 and 3 (GaAs Substrate).\n    * **Diffusion Coefficient (c):** Set to `c_Ga`.\n    * **Absorption Coefficient (a):** Set to `c_Ga*(l/r)^2 + V_Ga`.\n    * **Convection Coefficient (\u03b2):** Set the r component to `-c_Ga/r`, and the z component to `0`.\n* **Dirichlet Boundary Condition:**\n    * Select Boundaries 2 and 9 (outer boundaries).\n\n**5. Meshing:**\n* Build the default mesh.\n\n**6. Study Settings:**\n\n* **Eigenvalue Solver:**  Set the desired number of eigenvalues to `1` to find the lowest energy level.\n\n**7. Solving and Post-processing:**\n\n* **Compute:** Solve the model.\n* **Results:** \n    * Add a global evaluation node that computes the lowest eigenvalue.\n    * Export the table containing this value to OUTPUT_PATH/output.txt.\n", "ground_truth_code": "\nmodel.component().create(\"comp1\", true);\nmodel.param().set(\"m\", \"me_const[1/kg]/e_const[1/C]\", \"Electron mass (eV/c^2)\");\nmodel.param().set(\"hbar\", \"hbar_const[1/(J*s)]/e_const[1/C]\", \"Reduced Planck constant (eV*s)\");\nmodel.param().set(\"V_In\", \"0\", \"Potential barrier, InAs (eV)\");\nmodel.param().set(\"V_Ga\", \"0.697\", \"Potential barrier, GaAs (eV)\");\nmodel.param().set(\"c_In\", \"hbar^2/(2*0.023*m)\", \"c coefficient, InAs\");\nmodel.param().set(\"c_Ga\", \"hbar^2/(2*0.067*m)\", \"c coefficient, GaAs\");\nmodel.param().set(\"l\", \"0\", \"Principal quantum number\");\n\nmodel.component(\"comp1\").geom().create(\"geom1\", 2);\n\nmodel.result().table().create(\"tbl1\", \"Table\");\n\nmodel.component(\"comp1\").geom(\"geom1\").axisymmetric(true);\n\nmodel.component(\"comp1\").mesh().create(\"mesh1\");\n\nmodel.component(\"comp1\").geom(\"geom1\").lengthUnit(\"nm\");\nmodel.component(\"comp1\").geom(\"geom1\").create(\"r1\", \"Rectangle\");\nmodel.component(\"comp1\").geom(\"geom1\").feature(\"r1\").set(\"pos\", new double[]{12.5, 0});\nmodel.component(\"comp1\").geom(\"geom1\").feature(\"r1\").set(\"base\", \"center\");\nmodel.component(\"comp1\").geom(\"geom1\").feature(\"r1\").set(\"size\", new int[]{25, 100});\nmodel.component(\"comp1\").geom(\"geom1\").create(\"r2\", \"Rectangle\");\nmodel.component(\"comp1\").geom(\"geom1\").feature(\"r2\").set(\"pos\", new double[]{12.5, 0});\nmodel.component(\"comp1\").geom(\"geom1\").feature(\"r2\").set(\"base\", \"center\");\nmodel.component(\"comp1\").geom(\"geom1\").feature(\"r2\").set(\"size\", new int[]{25, 2});\nmodel.component(\"comp1\").geom(\"geom1\").create(\"pol1\", \"Polygon\");\nmodel.component(\"comp1\").geom(\"geom1\").feature(\"pol1\").set(\"source\", \"table\");\nmodel.component(\"comp1\").geom(\"geom1\").feature(\"pol1\").set(\"table\", new double[][]{{0, 0}, {12, 0}, {0, 3.6}});\nmodel.component(\"comp1\").geom(\"geom1\").create(\"co1\", \"Compose\");\nmodel.component(\"comp1\").geom(\"geom1\").feature(\"co1\").set(\"intbnd\", false);\nmodel.component(\"comp1\").geom(\"geom1\").feature(\"co1\").set(\"formula\", \"r2+pol1\");\nmodel.component(\"comp1\").geom(\"geom1\").create(\"co2\", \"Compose\");\nmodel.component(\"comp1\").geom(\"geom1\").feature(\"co2\").set(\"formula\", \"r1+co1\");\nmodel.component(\"comp1\").geom(\"geom1\").run();\n\nmodel.component(\"comp1\").physics().create(\"c\", \"CoefficientFormPDE\", \"geom1\");\nmodel.component(\"comp1\").physics(\"c\").create(\"cfeq2\", \"CoefficientFormPDE\", 2);\nmodel.component(\"comp1\").physics(\"c\").feature(\"cfeq2\").selection().set(1, 3);\nmodel.component(\"comp1\").physics(\"c\").create(\"dir1\", \"DirichletBoundary\", 1);\nmodel.component(\"comp1\").physics(\"c\").feature(\"dir1\").selection().set(2, 9);\n\nmodel.result().table(\"tbl1\").comments(\"Global Evaluation 1\");\n\nmodel.component(\"comp1\").physics(\"c\").feature(\"cfeq1\").set(\"c\", new String[][]{{\"c_In\", \"0\", \"0\", \"c_In\"}});\nmodel.component(\"comp1\").physics(\"c\").feature(\"cfeq1\").set(\"a\", \"c_In*(l/r)^2+V_In\");\nmodel.component(\"comp1\").physics(\"c\").feature(\"cfeq1\").set(\"be\", new String[][]{{\"-c_In/r\", \"0\"}});\nmodel.component(\"comp1\").physics(\"c\").feature(\"cfeq2\").set(\"c\", new String[][]{{\"c_Ga\", \"0\", \"0\", \"c_Ga\"}});\nmodel.component(\"comp1\").physics(\"c\").feature(\"cfeq2\").set(\"a\", \"c_Ga*(l/r)^2+V_Ga\");\nmodel.component(\"comp1\").physics(\"c\").feature(\"cfeq2\").set(\"be\", new String[][]{{\"-c_Ga/r\", \"0\"}});\n\nmodel.study().create(\"std1\");\nmodel.study(\"std1\").create(\"eigv\", \"Eigenvalue\");\nmodel.study(\"std1\").feature(\"eigv\").set(\"neigs\", 1);\nmodel.study(\"std1\").feature(\"eigv\").set(\"neigsactive\", true);\nmodel.study(\"std1\").feature(\"eigv\").set(\"shiftactive\", true);\nmodel.study(\"std1\").run();\n\nmodel.result().dataset().create(\"rev1\", \"Revolve2D\");\nmodel.result().numerical().create(\"gev1\", \"EvalGlobal\");\nmodel.result().numerical(\"gev1\").set(\"probetag\", \"none\");\n\n\nmodel.result().dataset(\"rev1\").set(\"startangle\", -90);\nmodel.result().dataset(\"rev1\").set(\"revangle\", 225);\nmodel.result().numerical(\"gev1\").set(\"looplevelinput\", new String[]{\"first\"});\nmodel.result().numerical(\"gev1\").set(\"table\", \"tbl1\");\nmodel.result().numerical(\"gev1\").set(\"expr\", new String[]{\"lambda\"});\nmodel.result().numerical(\"gev1\").set(\"unit\", new String[]{\"\"});\nmodel.result().numerical(\"gev1\").set(\"descr\", new String[]{\"Eigenvalue\"});\nmodel.result().numerical(\"gev1\").setResult();\nmodel.result().table(\"tbl1\").save(\"OUTPUT_PATH/output.txt\");\n", "target_tree": "model\n\u251c\u2500 parameters\n\u2502  \u2514\u2500 Parameters 1\n\u251c\u2500 functions\n\u251c\u2500 components\n\u2502  \u2514\u2500 Component 1\n\u251c\u2500 geometries\n\u2502  \u2514\u2500 Geometry 1\n\u2502     \u251c\u2500 Rectangle 1\n\u2502     \u251c\u2500 Rectangle 2\n\u2502     \u251c\u2500 Polygon 1\n\u2502     \u251c\u2500 Compose 1\n\u2502     \u251c\u2500 Compose 2\n\u2502     \u2514\u2500 Form Union\n\u251c\u2500 views\n\u2502  \u2514\u2500 View 1\n\u251c\u2500 selections\n\u251c\u2500 coordinates\n\u2502  \u2514\u2500 Boundary System 1\n\u251c\u2500 variables\n\u2502  \u251c\u2500 Derived Variables\n\u2502  \u251c\u2500 Derived Variables 1\n\u2502  \u251c\u2500 Derived Variables 2\n\u2502  \u251c\u2500 Derived Variables 3\n\u2502  \u251c\u2500 Derived Variables 4\n\u2502  \u251c\u2500 Derived Variables 5\n\u2502  \u251c\u2500 Derived Variables 6\n\u2502  \u251c\u2500 Derived Variables 7\n\u2502  \u251c\u2500 Derived Variables 8\n\u2502  \u251c\u2500 Derived Variables 9\n\u2502  \u251c\u2500 Derived Variables 10\n\u2502  \u251c\u2500 Derived Variables 11\n\u2502  \u251c\u2500 Derived Variables 12\n\u2502  \u251c\u2500 Derived Variables 13\n\u2502  \u251c\u2500 Derived Variables 14\n\u2502  \u251c\u2500 Derived Variables 15\n\u2502  \u251c\u2500 Derived Variables 16\n\u2502  \u251c\u2500 Derived Variables 17\n\u2502  \u2514\u2500 Derived Variables 18\n\u251c\u2500 couplings\n\u251c\u2500 physics\n\u2502  \u2514\u2500 Coefficient Form PDE\n\u2502     \u251c\u2500 Coefficient Form PDE 1\n\u2502     \u251c\u2500 Zero Flux 1\n\u2502     \u251c\u2500 Initial Values 1\n\u2502     \u251c\u2500 Continuity 1\n\u2502     \u251c\u2500 Coefficient Form PDE 2\n\u2502     \u2514\u2500 Dirichlet Boundary Condition 1\n\u251c\u2500 multiphysics\n\u251c\u2500 materials\n\u251c\u2500 meshes\n\u2502  \u2514\u2500 Mesh 1\n\u2502     \u251c\u2500 Size\n\u2502     \u2514\u2500 Free Triangular 1\n\u251c\u2500 studies\n\u2502  \u2514\u2500 Study 1\n\u2502     \u2514\u2500 Eigenvalue\n\u251c\u2500 solutions\n\u2502  \u2514\u2500 Solution 1\n\u2502     \u251c\u2500 Compile Equations: Eigenvalue\n\u2502     \u251c\u2500 Dependent Variables 1\n\u2502     \u2502  \u2514\u2500 Dependent variable u (comp1.u)\n\u2502     \u2514\u2500 Eigenvalue Solver 1\n\u2502        \u251c\u2500 Direct\n\u2502        \u2514\u2500 Advanced\n\u251c\u2500 batches\n\u251c\u2500 datasets\n\u2502  \u251c\u2500 Study 1//Solution 1\n\u2502  \u2514\u2500 Revolution 2D 1\n\u251c\u2500 evaluations\n\u2502  \u2514\u2500 Global Evaluation 1\n\u251c\u2500 tables\n\u2502  \u2514\u2500 Table 1\n\u251c\u2500 plots\n\u2514\u2500 exports\n", "selection_information": "\nBOUNDARIES:\nCoefficient Form PDE 2 (GaAs region): Boundaries 1 and 3\nDirichlet Boundary Condition: Boundaries 2 and 9\n"}