{"comsol_model_id": 82, "target_value": 0.58242, "target_units": "1", "target_description": "Option price (u) at point K (x = 40) at time t = 0.", "model_specifications": "\n## Analysis of a European Put Option using the Black-Scholes Equation\n\n**ANALYSIS TYPE:**\nCoefficient form PDE, representing a parabolic partial differential equation.\n\n**UNITS:**\nTurn off units so all equations are dimensionless.\n\n**NOTATION:**\n* u: Cost of a European stock option\n* x: Underlying asset price\n\n**PARAMETERS:**\n* r: Continuous compounding interest rate = 0.12\n* \u03c3: Volatility (standard deviation) of the underlying asset's rate of return = 0.3\n\n\n**GEOMETRY:**\nDomain: One-dimensional domain representing the underlying asset price.\nInterval Length: 80 (representing an arbitrary price range)\nPoints:\nPoint X1: Located at x = 0, representing the lower bound of the asset price.\nPoint X2: Located at x = 80, representing the upper bound of the asset price.\nPoint K: Located at x = 40, representing the strike price of the put option.\n\n**PDE:**\n* **Coefficient Form PDE 1:**\n    * **Diffusion Coefficient (c):** Set to `1/2*sigma^2*x^2`.\n    * **Absorption Coefficient (a):** Set to `r`.\n    * **Source Term (f):** Set to `0`.\n    * **Damping or Mass Coefficient (da):** Set to `-1`.\n    * **Convection Coefficient (\u03b2):** Set to `(-r+sigma^2)*x`.\n\n\n**INITIAL CONDITIONS:**\n* Time goes from t=12 to 0.\n* At time t = 12, the option value (u) is:\n  * 0 for x > 40\n  * Linearly varying from 0 to 40 for 0 \u2264 x \u2264 40\nThis can be represented as  (x<40)*(40-x).\n\n**BOUNDARY CONDITIONS:**\n* Flux / Source.\n* Dirichlet boundary condition.\n\n**ELEMENT TYPES:**\nChoose a maximum element size of 2.\n\n**ANALYSIS:**\nOutput times should go from 12 to 0 with a discretization of -0.5.\n\n**OUTPUT:** The analysis should compute the option price (u) at point K (x = 40) at time t = 0 (representing the present time).\nExport the table containing this target value to OUTPUT_PATH/output.txt\n", "plan": "\n## Implementing the Black-Scholes European Put Option Analysis in COMSOL Multiphysics:\n\n**1. Model Setup:**\n\n* **Space Dimension:** Select 1D for the space dimension.\n* **Physics Interface:** Choose \"Coefficient Form PDE (c)\" from the Mathematics > PDE Interfaces branch.\n* **Study Type:** Choose the \"Time Dependent\" study type.\n* Choose None under the Unit System for simplicity.\n\n**2. Geometry Definition:**\n\n* **Interval:** Create an interval from point X1 (0) to X2 (80).\n\n**3. Definitions:**\n\n* **Global Definitions > Parameters:**\n  * Define parameter 'r' with a value of 0.12 (interest rate).\n  * Define parameter 'sigma' with a value of 0.3 (volatility).\n\n**4. Physics Settings:**\n\n* **Coefficient Form PDE 1:**\n  * **Diffusion Coefficient (c):** Set to `1/2*sigma^2*x^2`.\n  * **Absorption Coefficient (a):** Set to `r`.\n  * **Source Term (f):** Set to `0`.\n  * **Damping or Mass Coefficient (da):** Set to `-1`. (This means the steps go backward in time.)\n  * **Convection Coefficient (\u03b2):** Set to `(-r+sigma^2)*x`.\n* **Initial Values 1:**\n  * Set the initial value (u) using the expression: `(x<40)*(40-x)`. (This means\nthat in the areas where x > 40, the initial value is zero.)\n* **Boundary Conditions:**\n  * **Boundary 1:**  Use the default \"Flux/Source\" boundary condition.\n  * **Boundary 2:**  Apply a \"Dirichlet Boundary Condition\".\n\n**5. Meshing:**\n\n* **Mesh Creation:** Right-click on \"Mesh\" and create a suitable mesh.\n  * **Element Size:** Set a \"Maximum element size\"  of 2.\n\n**6. Study Settings:**\n* **Time Dependent:**\n  * **Times:** Set the output times to `range(12,-0.5,0)` to solve backward in time from t=12 to t=0.\n\n**7. Verification:**\n* Create a 1D CutPoint at x=40.\n* Compute the obtained option price at point K (x=40) and t=0.\n* Export the table containing this value to OUTPUT_PATH/output.txt.\n", "ground_truth_code": "\nmodel.baseSystem(\"none\");\n\nmodel.param().set(\"r\", \"0.12\", \"interest rate\");\nmodel.param().set(\"sigma\", \".3\", \"volatility\");\n\nmodel.component().create(\"comp1\", true);\n\nmodel.component(\"comp1\").geom().create(\"geom1\", 1);\n\nmodel.result().table().create(\"tbl1\", \"Table\");\n\nmodel.component(\"comp1\").mesh().create(\"mesh1\");\n\nmodel.component(\"comp1\").geom(\"geom1\").create(\"i1\", \"Interval\");\nmodel.component(\"comp1\").geom(\"geom1\").feature(\"i1\").set(\"coord\", new int[]{0, 80});\nmodel.component(\"comp1\").geom(\"geom1\").run();\n\nmodel.component(\"comp1\").physics().create(\"c\", \"CoefficientFormPDE\", \"geom1\");\nmodel.component(\"comp1\").physics(\"c\").create(\"flux1\", \"FluxBoundary\", 0);\nmodel.component(\"comp1\").physics(\"c\").feature(\"flux1\").selection().set(1);\nmodel.component(\"comp1\").physics(\"c\").create(\"dir1\", \"DirichletBoundary\", 0);\nmodel.component(\"comp1\").physics(\"c\").feature(\"dir1\").selection().set(2);\n\nmodel.component(\"comp1\").mesh(\"mesh1\").create(\"edg1\", \"Edge\");\n\nmodel.result().table(\"tbl1\").comments(\"Point Evaluation 1\");\n\nmodel.component(\"comp1\").view(\"view1\").axis().set(\"xmin\", -4);\nmodel.component(\"comp1\").view(\"view1\").axis().set(\"xmax\", 84);\n\nmodel.component(\"comp1\").physics(\"c\").prop(\"EquationForm\").set(\"form\", \"Automatic\");\nmodel.component(\"comp1\").physics(\"c\").feature(\"cfeq1\").set(\"c\", \"1/2*sigma^2*x^2\");\nmodel.component(\"comp1\").physics(\"c\").feature(\"cfeq1\").set(\"a\", \"r\");\nmodel.component(\"comp1\").physics(\"c\").feature(\"cfeq1\").set(\"f\", 0);\nmodel.component(\"comp1\").physics(\"c\").feature(\"cfeq1\").set(\"da\", -1);\nmodel.component(\"comp1\").physics(\"c\").feature(\"cfeq1\").set(\"be\", \"(-r+sigma^2)*x\");\nmodel.component(\"comp1\").physics(\"c\").feature(\"init1\").set(\"u\", \"(x<40)*(40-x)\");\n\nmodel.component(\"comp1\").mesh(\"mesh1\").feature(\"size\").set(\"custom\", \"on\");\nmodel.component(\"comp1\").mesh(\"mesh1\").feature(\"size\").set(\"hmax\", 2);\nmodel.component(\"comp1\").mesh(\"mesh1\").run();\n\nmodel.study().create(\"std1\");\nmodel.study(\"std1\").create(\"time\", \"Transient\");\n\nmodel.sol().create(\"sol1\");\nmodel.sol(\"sol1\").study(\"std1\");\nmodel.sol(\"sol1\").attach(\"std1\");\nmodel.sol(\"sol1\").create(\"st1\", \"StudyStep\");\nmodel.sol(\"sol1\").create(\"v1\", \"Variables\");\nmodel.sol(\"sol1\").create(\"t1\", \"Time\");\nmodel.sol(\"sol1\").feature(\"t1\").create(\"fc1\", \"FullyCoupled\");\nmodel.sol(\"sol1\").feature(\"t1\").feature().remove(\"fcDef\");\n\nmodel.result().dataset().create(\"cpt1\", \"CutPoint1D\");\nmodel.result().numerical().create(\"pev1\", \"EvalPoint\");\nmodel.result().numerical(\"pev1\").set(\"probetag\", \"none\");\nmodel.result().create(\"pg1\", \"PlotGroup1D\");\nmodel.result().create(\"pg2\", \"PlotGroup1D\");\nmodel.result(\"pg1\").create(\"lngr1\", \"LineGraph\");\nmodel.result(\"pg1\").feature(\"lngr1\").set(\"xdata\", \"expr\");\nmodel.result(\"pg1\").feature(\"lngr1\").selection().set(1);\nmodel.result(\"pg2\").create(\"lngr1\", \"LineGraph\");\nmodel.result(\"pg2\").feature(\"lngr1\").set(\"xdata\", \"expr\");\nmodel.result(\"pg2\").feature(\"lngr1\").selection().set(1);\n\nmodel.study(\"std1\").feature(\"time\").set(\"tlist\", \"range(12,-0.5,0)\");\n\nmodel.sol(\"sol1\").attach(\"std1\");\nmodel.sol(\"sol1\").feature(\"st1\").label(\"Compile Equations: Time Dependent\");\nmodel.sol(\"sol1\").feature(\"v1\").label(\"Dependent Variables 1.1\");\nmodel.sol(\"sol1\").feature(\"v1\").set(\"clist\", new String[]{\"range(12,-0.5,0)\", \"-0.012[s]\"});\nmodel.sol(\"sol1\").feature(\"t1\").label(\"Time-Dependent Solver 1.1\");\nmodel.sol(\"sol1\").feature(\"t1\").set(\"tlist\", \"range(12,-0.5,0)\");\nmodel.sol(\"sol1\").feature(\"t1\").feature(\"dDef\").label(\"Direct 1\");\nmodel.sol(\"sol1\").feature(\"t1\").feature(\"aDef\").label(\"Advanced 1\");\nmodel.sol(\"sol1\").feature(\"t1\").feature(\"fc1\").label(\"Fully Coupled 1.1\");\nmodel.sol(\"sol1\").runAll();\n\nmodel.result().dataset(\"cpt1\").set(\"pointx\", 40);\nmodel.result().numerical(\"pev1\").set(\"data\", \"cpt1\");\nmodel.result().numerical(\"pev1\").set(\"looplevelinput\", new String[]{\"last\"});\nmodel.result().numerical(\"pev1\").set(\"table\", \"tbl1\");\nmodel.result().numerical(\"pev1\").setResult();\nmodel.result(\"pg1\").label(\"Coefficient Form PDE\");\nmodel.result(\"pg1\").set(\"xlabel\", \"x-coordinate\");\nmodel.result(\"pg1\").set(\"ylabel\", \"Dependent variable u\");\nmodel.result(\"pg1\").set(\"xlabelactive\", false);\nmodel.result(\"pg1\").set(\"ylabelactive\", false);\nmodel.result(\"pg1\").feature(\"lngr1\").set(\"xdataexpr\", \"x\");\nmodel.result(\"pg1\").feature(\"lngr1\").set(\"xdatadescr\", \"x-coordinate\");\nmodel.result(\"pg1\").feature(\"lngr1\").set(\"resolution\", \"normal\");\nmodel.result(\"pg2\").set(\"looplevelinput\", new String[]{\"manual\"});\nmodel.result(\"pg2\").set(\"looplevel\", new int[]{25});\nmodel.result(\"pg2\").set(\"xlabel\", \"x\");\nmodel.result(\"pg2\").set(\"xlabelactive\", true);\nmodel.result(\"pg2\").set(\"ylabel\", \"u\");\nmodel.result(\"pg2\").set(\"ylabelactive\", true);\nmodel.result(\"pg2\").feature(\"lngr1\").set(\"xdataexpr\", \"x\");\nmodel.result(\"pg2\").feature(\"lngr1\").set(\"xdatadescr\", \"x-coordinate\");\nmodel.result(\"pg2\").feature(\"lngr1\").set(\"linewidth\", \"preference\");\nmodel.result(\"pg2\").feature(\"lngr1\").set(\"legend\", true);\nmodel.result(\"pg2\").feature(\"lngr1\").set(\"resolution\", \"normal\");\nmodel.result().table(\"tbl1\").save(\"OUTPUT_PATH/output.txt\");\n", "selection_information": "\nBOUNDARIES:\n* Flux / Source: Boundary 1\n* Dirichlet: Boundary 2\n", "target_tree": "model\n\u251c\u2500 parameters\n\u2502  \u2514\u2500 Parameters 1\n\u251c\u2500 functions\n\u251c\u2500 components\n\u2502  \u2514\u2500 Component 1\n\u251c\u2500 geometries\n\u2502  \u2514\u2500 Geometry 1\n\u2502     \u251c\u2500 Interval 1\n\u2502     \u2514\u2500 Form Union\n\u251c\u2500 views\n\u2502  \u2514\u2500 View 1\n\u251c\u2500 selections\n\u251c\u2500 coordinates\n\u251c\u2500 variables\n\u2502  \u251c\u2500 Derived Variables 1\n\u2502  \u251c\u2500 Derived Variables 2\n\u2502  \u251c\u2500 Derived Variables 3\n\u2502  \u251c\u2500 Derived Variables 4\n\u2502  \u251c\u2500 Derived Variables 5\n\u2502  \u251c\u2500 Derived Variables 6\n\u2502  \u251c\u2500 Derived Variables 7\n\u2502  \u251c\u2500 Derived Variables 8\n\u2502  \u251c\u2500 Derived Variables 9\n\u2502  \u2514\u2500 Derived Variables 10\n\u251c\u2500 couplings\n\u251c\u2500 physics\n\u2502  \u2514\u2500 Coefficient Form PDE\n\u2502     \u251c\u2500 Coefficient Form PDE 1\n\u2502     \u251c\u2500 Zero Flux 1\n\u2502     \u251c\u2500 Initial Values 1\n\u2502     \u251c\u2500 Continuity 1\n\u2502     \u251c\u2500 Flux//Source 1\n\u2502     \u2514\u2500 Dirichlet Boundary Condition 1\n\u251c\u2500 multiphysics\n\u251c\u2500 materials\n\u251c\u2500 meshes\n\u2502  \u2514\u2500 Mesh 1\n\u2502     \u251c\u2500 Size\n\u2502     \u2514\u2500 Edge 1\n\u251c\u2500 studies\n\u2502  \u2514\u2500 Study 1\n\u2502     \u2514\u2500 Time Dependent\n\u251c\u2500 solutions\n\u2502  \u2514\u2500 Solution 1\n\u2502     \u251c\u2500 Compile Equations: Time Dependent\n\u2502     \u251c\u2500 Dependent Variables 1.1\n\u2502     \u2502  \u2514\u2500 Dependent variable u (comp1.u)\n\u2502     \u2514\u2500 Time-Dependent Solver 1.1\n\u2502        \u251c\u2500 Direct 1\n\u2502        \u251c\u2500 Advanced 1\n\u2502        \u2514\u2500 Fully Coupled 1.1\n\u251c\u2500 batches\n\u251c\u2500 datasets\n\u2502  \u251c\u2500 Study 1//Solution 1\n\u2502  \u2514\u2500 Cut Point 1D 1\n\u251c\u2500 evaluations\n\u2502  \u2514\u2500 Point Evaluation 1\n\u251c\u2500 tables\n\u2502  \u2514\u2500 Table 1\n\u251c\u2500 plots\n\u2514\u2500 exports\n"}