{"comsol_model_id": 12351, "target_value": 74.64, "target_units": "Ohms (\u03a9)", "target_description": "Characteristic impedance of the coaxial cable in Ohms.", "model_specifications": "\n## Finite Element Analysis of a Coaxial Cable: Characteristic Impedance Calculation\n\n**ANALYSIS TYPE:**\nElectromagnetic, frequency domain. The analysis involves solving for the electromagnetic fields in the coaxial cable at a specific frequency under the assumption of time-harmonic behavior.\n\n**GEOMETRY:**\nThe domain is a 2D cross-section of a coaxial cable.\n* Inner conductor radius (r_i): 0.5 mm\n* Outer conductor radius (r_o): 3.43 mm\n\n**MATERIAL PROPERTIES:**\n* The dielectric material between the conductors has a relative permittivity (\u03b5_r) of 2.4.\n* Both conductors are assumed to be perfect electric conductors.\n\n**BOUNDARY CONDITIONS:**\n* The outer boundary of the coaxial cable is treated with perfect electric conductor boundary conditions.\n\n**MESH:**\nThe analysis can be performed using a physics-controlled mesh.\n\n**EQUATIONS:**\nV = Radial Integration of (-emw.Ex*t1xemw.Ey*t1y) where  t1x and t1y are the tangential vector components along the integration\nboundaries\nI = Circumferential Integration of -(emw.Hx*t1x+emw.Hy*t1y) where emw.Hx,y are the magnetic field vector components and this integration is undertaken on the outer conductor's boundary.\nRemember, the effective mode index for the propagating TEM mode is `sqrt(eps_r)`\n\n**OUTPUT:**\nThe analysis aims to calculate the characteristic impedance (Z_0) in Ohms of the coaxial cable. The characteristic impedance is calculated by integrating the electric and magnetic fields obtained from the simulation along specific paths defined above.\nExport the table containing this value to OUTPUT_PATH/output.txt\n", "plan": "## Implementing the Coaxial Cable Characteristic Impedance Calculation in COMSOL Multiphysics\n\nThis implementation plan outlines the steps to calculate the characteristic impedance of a coaxial cable using COMSOL Multiphysics, following the provided tutorial and adhering to NAFEMS-style problem-solving approaches.\n\n**1. Model Setup:**\n\n* **New Model:** Launch COMSOL Multiphysics and create a new model.\n* **Space Dimension:** Select \"2D\" for the space dimension.\n* **Physics Interface:**  Choose \"Electromagnetic Waves, Frequency Domain (emw)\" from the RF Module.\n* **Study Type:** Choose \"Mode Analysis\" from the preset studies for the selected physics interface.\n\n**2. Global Definitions:**\n\n* **Parameters:**\n    * Define parameters \"r_i\" (0.5[mm]), \"r_o\" (3.43[mm]), and \"eps_r\" (2.4).\n    * Define a parameter \"Z0_analytic\" using the provided analytical formula: `(Z0_const/(2*pi*sqrt(eps_r)))*log(r_o/r_i)`  (This will be used for comparison).\n\n**3. Geometry Definition:**\n\n* **Circle 1 (Outer Conductor):**\n* Create a circle centered at (0,0) with radius \"r_o\" (3.43 mm).\n* In the Settings window for Circle, locate the Object Type section. From the Type list, choose Curve.\n* Expand the Layers section and enter\n  \begin{center}\n  \begin{tabular}{ll}\n  \\hline\n  Layer name & Thickness $(\\mathbf{m})$ \\\n  \\hline\n  Layer 1 & $r_0 - r_i$ \\\n  \\hline\n  \\end{tabular}\n  \\end{center}\n* Click Build Selected.\n\n**4. Definitions:**\n\n* **Domains:**\n    * **Dielectric:** Create an explicit selection named \"Dielectric\" for the domain between the inner and outer conductors, corresponding to domains 1, 2, 3 and 4.\n* **Boundaries:**\n    * **Outer Conductor Boundary:** Create an explicit selection named \"OuterConductor\" for the outer boundary of the coaxial cable (the circumference of the outer circle), corresponding to boundaries 5, 6, 9 and 12.\n    * **Integration Path (Radial):** Create an explicit selection named \"IntPathRadial\" for one of the radial segments connecting the inner and outer conductor boundaries, say 1.\n    * **Integration Path (Circumferential):** Create an explicit selection named \"IntPathCirc\" for the outer conductor boundary, corresponding to boundaries 5, 6, 9 and 12.\n\n**5. Material Properties:**\n\n* **Dielectric Material:**\n    * Right-click \"Materials\" and add a new material labelled \"Insulator\".\n    * Set the relative permittivity to `eps_r`, the relative permeability to 1 and the electrical conductivity to 0 [S/m].\n    * The \"Insulator\" material should be applied to the domain selection \"Dielectric\".\n\n**6. Physics Settings:**\n\n* **Boundary Conditions:**\n    * Keep the default physics settings, which include the \"Perfect Electric Conductor\" conditions for the outer boundaries.\n\n**7. Meshing:**\n\n* **Mesh Creation:** Use a physics-controlled mesh. Clear the \"Electromagnetic Waves, Frequency Domain\" option in the physics-controlled mesh settings.\n* Build the mesh.\n\n**8. Definitions (Integration Couplings):**\n\n* **Integration 1 (Radial, Voltage):**\n    * Add an \"Integration\" coupling operator named \"int_rad\".\n    *  Set \"Geometric entity level\" to \"Boundary\" and select \"IntPathRadial\".\n* **Integration 2 (Circumferential, Current):**\n    * Add another \"Integration\" coupling operator named \"int_circ\".\n    * Set \"Geometric entity level\" to \"Boundary\" and select \"IntPathCirc\".\n\n**9.  Definitions (Variables):**\nDefine the following variables:\n\begin{center}\n\begin{tabular}{llll}\n\\hline\nName & Expression & Unit & Description \\\n\\hline\nV & int\\_rad(-emw.Ex\textit{t1xemw.Ey}t1y) & $\\mathrm{V}$ & Voltage \\\nI & -int\\_circ(emw.Hx* t1x+emw.Hy*t1y) & $\\mathrm{A}$ & Current \\\nZ0\\_model & V/I & $\\Omega$ & Characteristic impedance \\\n\\hline\n\\end{tabular}\n\\end{center}\n\n**10. Study Settings:**\nUnder Study 1 click Step 1: Mode Analysis,\n* **Mode Analysis:**\n    * Set the \"Desired number of modes\" to 1 (for the TEM mode).\n    * Set \"Search for modes around\" to `sqrt(eps_r)`.\n\n**11. Solve and Post-Processing:**\n\n* **Compute:** Solve the model.\n* **Global Evaluation:** Evaluate the variable \"Z0_model\" to obtain the computed characteristic impedance.\n\n**12. **Export evaluated quantity:**\n* Go to Table 1, which will now contain the numerically evaluated characteristic impedance in Ohms.\n* Export the table to OUTPUT_PATH/output.txt\n", "ground_truth_code": "\nmodel.component().create(\"comp1\", true);\nmodel.component(\"comp1\").geom().create(\"geom1\", 2);\nmodel.component(\"comp1\").mesh().create(\"mesh1\");\n\nmodel.param().set(\"r_i\", \"0.5 [mm]\", \"Coax inner radius\");\nmodel.param().set(\"r_o\", \"3.43 [mm]\", \"Coax outer radius\");\nmodel.param().set(\"eps_r\", \"2.4\", \"Relative dielectric constant\");\nmodel.param().set(\"Z0_analytic\", \"(Z0_const/(2*pi*sqrt(eps_r)))*log(r_o/r_i)\", \"Characteristic impedance, analytic\");\n\n\nmodel.component(\"comp1\").geom(\"geom1\").create(\"c1\", \"Circle\");\nmodel.component(\"comp1\").geom(\"geom1\").feature(\"c1\").set(\"type\", \"curve\");\nmodel.component(\"comp1\").geom(\"geom1\").feature(\"c1\").set(\"layername\", new String[]{\"Layer 1\"});\nmodel.component(\"comp1\").geom(\"geom1\").feature(\"c1\").setIndex(\"layer\", \"r_o-r_i\", 0);\nmodel.component(\"comp1\").geom(\"geom1\").feature(\"c1\").set(\"r\", \"r_o\");\nmodel.component(\"comp1\").geom(\"geom1\").run();\n\nmodel.component(\"comp1\").selection().create(\"sel1\", \"Explicit\");\nmodel.component(\"comp1\").selection(\"sel1\").set(1, 2, 3, 4);\nmodel.component(\"comp1\").selection().create(\"sel2\", \"Explicit\");\nmodel.component(\"comp1\").selection(\"sel2\").geom(\"geom1\", 1);\nmodel.component(\"comp1\").selection(\"sel2\").set(5, 6, 9, 12);\nmodel.component(\"comp1\").selection().create(\"sel3\", \"Explicit\");\nmodel.component(\"comp1\").selection(\"sel3\").geom(\"geom1\", 1);\nmodel.component(\"comp1\").selection(\"sel3\").set(1);\nmodel.component(\"comp1\").selection().create(\"sel4\", \"Explicit\");\nmodel.component(\"comp1\").selection(\"sel4\").geom(\"geom1\", 1);\nmodel.component(\"comp1\").selection(\"sel4\").set(5, 6, 9, 12);\nmodel.component(\"comp1\").selection(\"sel1\").label(\"Dielectric\");\nmodel.component(\"comp1\").selection(\"sel2\").label(\"OuterConductor\");\nmodel.component(\"comp1\").selection(\"sel3\").label(\"IntPathRadial\");\nmodel.component(\"comp1\").selection(\"sel4\").label(\"IntPathCirc\");\n\nmodel.component(\"comp1\").variable().create(\"var1\");\nmodel.component(\"comp1\").variable(\"var1\").set(\"V\", \"int_rad(-emw.Ex*t1x-emw.Ey*t1y)\", \"Voltage\");\nmodel.component(\"comp1\").variable(\"var1\").set(\"I\", \"-int_circ(emw.Hx*t1x+emw.Hy*t1y)\", \"Current\");\nmodel.component(\"comp1\").variable(\"var1\").set(\"Z0_model\", \"V/I\", \"Characteristic impedance\");\n\nmodel.component(\"comp1\").material().create(\"mat1\", \"Common\");\nmodel.component(\"comp1\").material(\"mat1\").selection().named(\"sel1\");\n\nmodel.component(\"comp1\").cpl().create(\"intop1\", \"Integration\");\nmodel.component(\"comp1\").cpl().create(\"intop2\", \"Integration\");\nmodel.component(\"comp1\").cpl(\"intop1\").selection().named(\"sel3\");\nmodel.component(\"comp1\").cpl(\"intop2\").selection().named(\"sel4\");\nmodel.component(\"comp1\").cpl(\"intop1\").set(\"opname\", \"int_rad\");\nmodel.component(\"comp1\").cpl(\"intop2\").set(\"opname\", \"int_circ\");\n\nmodel.component(\"comp1\").physics().create(\"emw\", \"ElectromagneticWaves\", \"geom1\");\n\nmodel.result().table().create(\"tbl1\", \"Table\");\nmodel.result().table(\"tbl1\").comments(\"Global Evaluation 1\");\n\nmodel.component(\"comp1\").material(\"mat1\").label(\"Insulator\");\nmodel.component(\"comp1\").material(\"mat1\").propertyGroup(\"def\").set(\"relpermittivity\", new String[]{\"eps_r\", \"0\", \"0\", \"0\", \"eps_r\", \"0\", \"0\", \"0\", \"eps_r\"});\nmodel.component(\"comp1\").material(\"mat1\").propertyGroup(\"def\").set(\"relpermeability\", new String[]{\"1\", \"0\", \"0\", \"0\", \"1\", \"0\", \"0\", \"0\", \"1\"});\nmodel.component(\"comp1\").material(\"mat1\").propertyGroup(\"def\").set(\"electricconductivity\", new String[]{\"0\", \"0\", \"0\", \"0\", \"0\", \"0\", \"0\", \"0\", \"0\"});\n\n\nmodel.component(\"comp1\").mesh(\"mesh1\").contribute(\"physics/emw\", false);\n\nmodel.study().create(\"std1\");\nmodel.study(\"std1\").create(\"mode\", \"ModeAnalysis\");\nmodel.study(\"std1\").feature(\"mode\").set(\"neigsactive\", true);\nmodel.study(\"std1\").feature(\"mode\").set(\"neigs\", 1);\nmodel.study(\"std1\").feature(\"mode\").set(\"shift\", \"sqrt(eps_r)\");\n\nmodel.sol().create(\"sol1\");\nmodel.sol(\"sol1\").study(\"std1\");\nmodel.sol(\"sol1\").attach(\"std1\");\nmodel.sol(\"sol1\").create(\"st1\", \"StudyStep\");\nmodel.sol(\"sol1\").create(\"v1\", \"Variables\");\nmodel.sol(\"sol1\").create(\"e1\", \"Eigenvalue\");\nmodel.sol(\"sol1\").feature(\"e1\").create(\"d1\", \"Direct\");\n\nmodel.result().numerical().create(\"gev1\", \"EvalGlobal\");\nmodel.result().numerical(\"gev1\").set(\"probetag\", \"none\");\nmodel.result().create(\"pg1\", \"PlotGroup2D\");\nmodel.result(\"pg1\").create(\"surf1\", \"Surface\");\n\n\nmodel.sol(\"sol1\").attach(\"std1\");\nmodel.sol(\"sol1\").feature(\"st1\").label(\"Compile Equations: Mode Analysis\");\nmodel.sol(\"sol1\").feature(\"v1\").label(\"Dependent Variables 1.1\");\nmodel.sol(\"sol1\").feature(\"e1\").label(\"Eigenvalue Solver 1.1\");\nmodel.sol(\"sol1\").feature(\"e1\").set(\"transform\", \"effective_mode_index\");\nmodel.sol(\"sol1\").feature(\"e1\").set(\"neigs\", 1);\nmodel.sol(\"sol1\").feature(\"e1\").set(\"shift\", \"sqrt(eps_r)\");\nmodel.sol(\"sol1\").feature(\"e1\").feature(\"dDef\").label(\"Direct 2\");\nmodel.sol(\"sol1\").feature(\"e1\").feature(\"aDef\").label(\"Advanced 1\");\nmodel.sol(\"sol1\").feature(\"e1\").feature(\"aDef\").set(\"complexfun\", true);\nmodel.sol(\"sol1\").feature(\"e1\").feature(\"d1\").label(\"Suggested Direct Solver (emw)\");\nmodel.sol(\"sol1\").feature(\"e1\").feature(\"d1\").set(\"linsolver\", \"pardiso\");\nmodel.sol(\"sol1\").runAll();\n\nmodel.result().numerical(\"gev1\").set(\"table\", \"tbl1\");\nmodel.result().numerical(\"gev1\").set(\"expr\", new String[]{\"Z0_model\"});\nmodel.result().numerical(\"gev1\").set(\"unit\", new String[]{\"\u03a9\"});\nmodel.result().numerical(\"gev1\").set(\"descr\", new String[]{\"Characteristic impedance\"});\nmodel.result().numerical(\"gev1\").setResult();\nmodel.result(\"pg1\").label(\"Electric Field (emw)\");\nmodel.result(\"pg1\").set(\"frametype\", \"spatial\");\nmodel.result(\"pg1\").set(\"showlegendsmaxmin\", true);\nmodel.result(\"pg1\").feature(\"surf1\").label(\"Surface\");\nmodel.result(\"pg1\").feature(\"surf1\").set(\"smooth\", \"internal\");\nmodel.result(\"pg1\").feature(\"surf1\").set(\"resolution\", \"normal\");\nmodel.result().table(\"tbl1\").save(\"OUTPUT_PATH/output.txt\");\n", "selection_information": "\nDOMAINS:\nDielectric: Domains 1, 2, 3, 4\n\nBOUNDARIES:\nOuter Conductor: Boundaries 5, 6, 9 and 12\nIntegration Path (Radial): Boundary 1\nIntegration Path (Circular): Boundaries 5, 6, 9 and 12\n", "target_tree": "model\n\u251c\u2500 parameters\n\u2502  \u2514\u2500 Parameters 1\n\u251c\u2500 functions\n\u2502  \u251c\u2500 Roots of Bessel Function Derivatives\n\u2502  \u2514\u2500 Roots of Bessel Functions\n\u251c\u2500 components\n\u2502  \u2514\u2500 Component 1\n\u251c\u2500 geometries\n\u2502  \u2514\u2500 Geometry 1\n\u2502     \u251c\u2500 Circle 1\n\u2502     \u2514\u2500 Form Union\n\u251c\u2500 views\n\u2502  \u2514\u2500 View 1\n\u251c\u2500 selections\n\u2502  \u251c\u2500 Dielectric\n\u2502  \u251c\u2500 OuterConductor\n\u2502  \u251c\u2500 IntPathRadial\n\u2502  \u2514\u2500 IntPathCirc\n\u251c\u2500 coordinates\n\u2502  \u2514\u2500 Boundary System 1\n\u251c\u2500 variables\n\u2502  \u251c\u2500 Variables 1\n\u2502  \u251c\u2500 Derived Variables\n\u2502  \u251c\u2500 Derived Variables 1\n\u2502  \u251c\u2500 Derived Variables 2\n\u2502  \u251c\u2500 Derived Variables 3\n\u2502  \u251c\u2500 Derived Variables 4\n\u2502  \u251c\u2500 Derived Variables 5\n\u2502  \u251c\u2500 Derived Variables 6\n\u2502  \u251c\u2500 Derived Variables 7\n\u2502  \u251c\u2500 Derived Variables 8\n\u2502  \u251c\u2500 Derived Variables 9\n\u2502  \u251c\u2500 Derived Variables 10\n\u2502  \u251c\u2500 Derived Variables 11\n\u2502  \u251c\u2500 Derived Variables 12\n\u2502  \u251c\u2500 Derived Variables 13\n\u2502  \u251c\u2500 Derived Variables 14\n\u2502  \u251c\u2500 Derived Variables 15\n\u2502  \u2514\u2500 Derived Variables 16\n\u251c\u2500 couplings\n\u2502  \u251c\u2500 Integration 1\n\u2502  \u251c\u2500 Integration 2\n\u2502  \u2514\u2500 Wave Equation Feature Integration\n\u251c\u2500 physics\n\u2502  \u2514\u2500 Electromagnetic Waves, Frequency Domain\n\u2502     \u251c\u2500 Wave Equation, Electric 1\n\u2502     \u251c\u2500 Perfect Electric Conductor 1\n\u2502     \u251c\u2500 Initial Values 1\n\u2502     \u2514\u2500 Continuity 1\n\u251c\u2500 multiphysics\n\u251c\u2500 materials\n\u2502  \u2514\u2500 Insulator\n\u2502     \u2514\u2500 Basic\n\u251c\u2500 meshes\n\u2502  \u2514\u2500 Mesh 1\n\u2502     \u251c\u2500 Size\n\u2502     \u2514\u2500 Free Triangular 1\n\u251c\u2500 studies\n\u2502  \u2514\u2500 Study 1\n\u2502     \u2514\u2500 Mode Analysis\n\u251c\u2500 solutions\n\u2502  \u2514\u2500 Solution 1\n\u2502     \u251c\u2500 Compile Equations: Mode Analysis\n\u2502     \u251c\u2500 Dependent Variables 1.1\n\u2502     \u2502  \u2514\u2500 Electric field (comp1.E)\n\u2502     \u2514\u2500 Eigenvalue Solver 1.1\n\u2502        \u251c\u2500 Direct 2\n\u2502        \u251c\u2500 Advanced 1\n\u2502        \u2514\u2500 Suggested Direct Solver (emw)\n\u251c\u2500 batches\n\u251c\u2500 datasets\n\u2502  \u2514\u2500 Study 1//Solution 1\n\u251c\u2500 evaluations\n\u2502  \u2514\u2500 Global Evaluation 1\n\u251c\u2500 tables\n\u2502  \u2514\u2500 Table 1\n\u251c\u2500 plots\n\u2502  \u2514\u2500 Electric Field (emw)\n\u2502     \u2514\u2500 Surface\n\u2514\u2500 exports\n"}