{"comsol_model_id": 267, "target_value": 186.5, "target_units": "degC", "target_description": "The temperature at t=190 s at Point r=0.1 m and z=0.3 m in degrees Celsius.", "model_specifications": "\n## Finite Element Analysis of Axisymmetric Transient Heat Transfer\n\n**ANALYSIS TYPE:** Transient heat conduction in an axisymmetric domain.\n\n**GEOMETRY:**\n* Domain: A 2D cross-section of a cylinder with a radius of 0.3 m and a height of 0.4 m.\n* Symmetry:  The problem exhibits axial symmetry.\n\n**LOADING:** No internal heat generation within the cylinder.\n\n**BOUNDARY CONDITIONS:**\n* Initial Condition: At time t = 0 s, the entire cylinder has a temperature of 0\u00b0C.\n* Constant temperature of 1000\u00b0C applied as a step change at t = 0 s, to all boundaries.\n\n**SOLID PROPERTIES:**\n* Thermal conductivity (k): 52 W/(m\u00b7\u00b0C)\n* Density (\u03c1): 7850 kg/m\u00b3\n* Specific heat capacity (Cp): 460 J/(kg\u00b7\u00b0C)\n\n**MESH:** The default mesh can be used.\n\n**ANALYSIS:** Choose a tolerance of 1e-5 for the solver, and analyze the system from 0 to 190s.\n\n**OUTPUT:** The analysis should provide the temperature at a point with coordinates (r = 0.1 m, z = 0.3 m) at a specific time t = 190 s in degrees Celsius.\nExport the table containing this value to OUTPUT_PATH/output.txt.\n\n", "plan": "\n## Implementing the Axisymmetric Transient Heat Transfer Analysis in COMSOL Multiphysics\n\nThis implementation plan outlines the steps to model the axisymmetric transient heat transfer problem described using COMSOL Multiphysics.\n\n**1. Model Setup**\n\n   * **New Model:** Open COMSOL Multiphysics and create a new model.\n   * **Space Dimension:** Select \"2D Axisymmetric.\"\n   * **Physics Interface:** Choose \"Heat Transfer in Solids\" from the Heat Transfer module.\n   * **Study Type:** Choose the \"Time Dependent\" study type.\n\n**2. Geometry Definition**\n\n   * **Rectangle:** Create a rectangle with the following dimensions:\n      * Width: 0.3 m (representing the radius of the cylinder)\n      * Height: 0.4 m (representing the height of the cylinder)\n\n**3. Definitions**\n\n   * **Domains:**\n       * Create an explicit selection for the rectangle domain.\n   * **Points:** Create a point at coordinates (r = 0.1 m, z = 0.3 m). This is the target point for temperature evaluation.\n\n**4. Heat Transfer**\n  * **Temperature**\n     * Under Heat Transfer and Temperature, set the temperature, T0 to 1000\u00b0C with the selection of All boundaries.\n\n  * **Solid Properties**\n     * Under the Heat Conduction, Solid section, set the following properties:\n     * Density (\u03c1): 7850 kg/m\u00b3\n     * Specific Heat Capacity (Cp): 460 J/(kg\u00b7\u00b0C)\n     * Thermal Conductivity (k): 52 W/(m\u00b7\u00b0C)\n  * **Initial Values:**\n    Set the initial temperature of the domain to 0\u00b0C.\n\n**5. Mesh Creation**\n* **Mesh Creation:** Use COMSOL's default meshing settings.\n\n**6. Study Settings**\n   * In the settings for the Time Dependent study, type Time Dependent - Continuous Simulation (with Heating) in the label field.\n   * **Time Range:** Set the time range from 0 to 190 seconds.\n   * Use a tolerance of 1e-5.\n   * Compute.\n\n**10. Post-Processing and Validation**\n\n   * Add a CutPoint, with R = 0.1 m, Z = 0.3 m.\n   * For the time selection list, choose 190, and in the expressions table enter\n     * Expression = T\n     * Unit = degC\n     * Description = Temperature\n   * Export the table containing this value to OUTPUT_PATH/output.txt\n", "ground_truth_code": "\nmodel.component().create(\"comp1\", true);\nmodel.component(\"comp1\").geom().create(\"geom1\", 2);\n\nmodel.result().table().create(\"tbl1\", \"Table\");\n\nmodel.component(\"comp1\").geom(\"geom1\").axisymmetric(true);\n\nmodel.component(\"comp1\").mesh().create(\"mesh1\");\n\nmodel.component(\"comp1\").geom(\"geom1\").create(\"r1\", \"Rectangle\");\nmodel.component(\"comp1\").geom(\"geom1\").feature(\"r1\").set(\"size\", new double[]{0.3, 0.4});\nmodel.component(\"comp1\").geom(\"geom1\").run();\n\n\nmodel.component(\"comp1\").physics().create(\"ht\", \"HeatTransfer\", \"geom1\");\nmodel.component(\"comp1\").physics(\"ht\").create(\"temp1\", \"TemperatureBoundary\", 1);\nmodel.component(\"comp1\").physics(\"ht\").feature(\"temp1\").selection().all();\n\nmodel.result().table(\"tbl1\").comments(\"Point Evaluation 1\");\n\nmodel.component(\"comp1\").physics(\"ht\").feature(\"solid1\").set(\"k_mat\", \"userdef\");\nmodel.component(\"comp1\").physics(\"ht\").feature(\"solid1\")\n      .set(\"k\", new int[][]{{52}, {0}, {0}, {0}, {52}, {0}, {0}, {0}, {52}});\nmodel.component(\"comp1\").physics(\"ht\").feature(\"solid1\").set(\"rho_mat\", \"userdef\");\nmodel.component(\"comp1\").physics(\"ht\").feature(\"solid1\").set(\"rho\", 7850);\nmodel.component(\"comp1\").physics(\"ht\").feature(\"solid1\").set(\"Cp_mat\", \"userdef\");\nmodel.component(\"comp1\").physics(\"ht\").feature(\"solid1\").set(\"Cp\", 460);\nmodel.component(\"comp1\").physics(\"ht\").feature(\"init1\").set(\"Tinit\", \"0[degC]\");\nmodel.component(\"comp1\").physics(\"ht\").feature(\"temp1\").set(\"T0\", \"1000[degC]\");\n\nmodel.study().create(\"std1\");\nmodel.study(\"std1\").create(\"time\", \"Transient\");\n\nmodel.sol().create(\"sol1\");\nmodel.sol(\"sol1\").study(\"std1\");\nmodel.sol(\"sol1\").attach(\"std1\");\nmodel.sol(\"sol1\").create(\"st1\", \"StudyStep\");\nmodel.sol(\"sol1\").create(\"v1\", \"Variables\");\nmodel.sol(\"sol1\").create(\"t1\", \"Time\");\nmodel.sol(\"sol1\").feature(\"t1\").create(\"fc1\", \"FullyCoupled\");\nmodel.sol(\"sol1\").feature(\"t1\").create(\"d1\", \"Direct\");\nmodel.sol(\"sol1\").feature(\"t1\").create(\"i1\", \"Iterative\");\nmodel.sol(\"sol1\").feature(\"t1\").feature(\"i1\").create(\"mg1\", \"Multigrid\");\nmodel.sol(\"sol1\").feature(\"t1\").feature(\"i1\").feature(\"mg1\").feature(\"pr\").create(\"so1\", \"SOR\");\nmodel.sol(\"sol1\").feature(\"t1\").feature(\"i1\").feature(\"mg1\").feature(\"po\").create(\"so1\", \"SOR\");\nmodel.sol(\"sol1\").feature(\"t1\").feature(\"i1\").feature(\"mg1\").feature(\"cs\").create(\"d1\", \"Direct\");\nmodel.sol(\"sol1\").feature(\"t1\").feature().remove(\"fcDef\");\n\nmodel.result().dataset().create(\"rev1\", \"Revolve2D\");\nmodel.result().dataset().create(\"cpt1\", \"CutPoint2D\");\nmodel.result().numerical().create(\"pev1\", \"EvalPoint\");\nmodel.result().numerical(\"pev1\").set(\"probetag\", \"none\");\n\nmodel.study(\"std1\").feature(\"time\").label(\"Time Dependent - Continuous Simulation (with Heating)\");\nmodel.study(\"std1\").feature(\"time\").set(\"tlist\", \"range(0,10,190)\");\nmodel.study(\"std1\").feature(\"time\").set(\"usertol\", true);\nmodel.study(\"std1\").feature(\"time\").set(\"rtol\", \"1e-5\");\n\nmodel.sol(\"sol1\").attach(\"std1\");\nmodel.sol(\"sol1\").feature(\"st1\")\n      .label(\"Compile Equations: Time Dependent - Continuous Simulation (with Heating)\");\nmodel.sol(\"sol1\").feature(\"v1\").label(\"Dependent Variables 1.1\");\nmodel.sol(\"sol1\").feature(\"v1\").set(\"clist\", new String[]{\"range(0,10,190)\", \"0.19[s]\"});\nmodel.sol(\"sol1\").feature(\"t1\").label(\"Time-Dependent Solver 1.1\");\nmodel.sol(\"sol1\").feature(\"t1\").set(\"tlist\", \"range(0,10,190)\");\nmodel.sol(\"sol1\").feature(\"t1\").set(\"rtol\", \"1e-5\");\nmodel.sol(\"sol1\").feature(\"t1\").set(\"maxorder\", 2);\nmodel.sol(\"sol1\").feature(\"t1\").set(\"estrat\", \"exclude\");\nmodel.sol(\"sol1\").feature(\"t1\").feature(\"dDef\").label(\"Direct 2\");\nmodel.sol(\"sol1\").feature(\"t1\").feature(\"aDef\").label(\"Advanced 1\");\nmodel.sol(\"sol1\").feature(\"t1\").feature(\"fc1\").label(\"Fully Coupled 1.1\");\nmodel.sol(\"sol1\").feature(\"t1\").feature(\"fc1\").set(\"linsolver\", \"d1\");\nmodel.sol(\"sol1\").feature(\"t1\").feature(\"fc1\").set(\"damp\", \"0.9\");\nmodel.sol(\"sol1\").feature(\"t1\").feature(\"fc1\").set(\"jtech\", \"once\");\nmodel.sol(\"sol1\").feature(\"t1\").feature(\"fc1\").set(\"stabacc\", \"aacc\");\nmodel.sol(\"sol1\").feature(\"t1\").feature(\"fc1\").set(\"aaccdim\", 5);\nmodel.sol(\"sol1\").feature(\"t1\").feature(\"fc1\").set(\"aaccmix\", 0.9);\nmodel.sol(\"sol1\").feature(\"t1\").feature(\"fc1\").set(\"aaccdelay\", 1);\nmodel.sol(\"sol1\").feature(\"t1\").feature(\"d1\").label(\"Direct, heat transfer variables (ht)\");\nmodel.sol(\"sol1\").feature(\"t1\").feature(\"d1\").set(\"linsolver\", \"pardiso\");\nmodel.sol(\"sol1\").feature(\"t1\").feature(\"d1\").set(\"pivotperturb\", 1.0E-13);\nmodel.sol(\"sol1\").feature(\"t1\").feature(\"i1\").label(\"AMG, heat transfer variables (ht)\");\nmodel.sol(\"sol1\").feature(\"t1\").feature(\"i1\").set(\"rhob\", 20);\nmodel.sol(\"sol1\").feature(\"t1\").feature(\"i1\").feature(\"ilDef\").label(\"Incomplete LU 1\");\nmodel.sol(\"sol1\").feature(\"t1\").feature(\"i1\").feature(\"mg1\").label(\"Multigrid 1.1\");\nmodel.sol(\"sol1\").feature(\"t1\").feature(\"i1\").feature(\"mg1\").feature(\"cs\").feature(\"d1\")\n      .set(\"linsolver\", \"pardiso\");\nmodel.sol(\"sol1\").feature(\"t1\").feature(\"i1\").feature(\"mg1\").feature(\"cs\").feature(\"d1\")\n      .set(\"pivotperturb\", 1.0E-13);\nmodel.sol(\"sol1\").runAll();\n\nmodel.result().dataset(\"rev1\").label(\"Revolution 2D\");\nmodel.result().dataset(\"rev1\").set(\"startangle\", -90);\nmodel.result().dataset(\"rev1\").set(\"revangle\", 225);\nmodel.result().dataset(\"cpt1\").label(\"Cut Point 2D - Continuous Heating\");\nmodel.result().dataset(\"cpt1\").set(\"pointx\", 0.1);\nmodel.result().dataset(\"cpt1\").set(\"pointy\", 0.3);\nmodel.result().numerical(\"pev1\").set(\"data\", \"cpt1\");\nmodel.result().numerical(\"pev1\").set(\"looplevelinput\", new String[]{\"manual\"});\nmodel.result().numerical(\"pev1\").set(\"looplevel\", new int[]{20});\nmodel.result().numerical(\"pev1\").set(\"table\", \"tbl1\");\nmodel.result().numerical(\"pev1\").set(\"unit\", new String[]{\"degC\"});\nmodel.result().numerical(\"pev1\").setResult();\nmodel.result().table(\"tbl1\").save(\"OUTPUT_PATH/output.txt\");\n", "target_tree": "model\n\u251c\u2500 parameters\n\u2502  \u2514\u2500 Parameters 1\n\u251c\u2500 functions\n\u2502  \u251c\u2500 Analytic\n\u2502  \u251c\u2500 Analytic\n\u2502  \u2514\u2500 Blackbody Radiation Intensity\n\u251c\u2500 components\n\u2502  \u2514\u2500 Component 1\n\u251c\u2500 geometries\n\u2502  \u2514\u2500 Geometry 1\n\u2502     \u251c\u2500 Rectangle 1\n\u2502     \u2514\u2500 Form Union\n\u251c\u2500 views\n\u2502  \u2514\u2500 View 1\n\u251c\u2500 selections\n\u251c\u2500 coordinates\n\u2502  \u2514\u2500 Boundary System 1\n\u251c\u2500 variables\n\u2502  \u251c\u2500 Derived Variables 1\n\u2502  \u251c\u2500 Derived Variables 2\n\u2502  \u251c\u2500 Derived Variables 3\n\u2502  \u251c\u2500 Derived Variables 4\n\u2502  \u251c\u2500 Derived Variables 5\n\u2502  \u251c\u2500 Derived Variables 6\n\u2502  \u251c\u2500 Derived Variables 7\n\u2502  \u251c\u2500 Derived Variables 8\n\u2502  \u251c\u2500 Derived Variables 9\n\u2502  \u251c\u2500 Derived Variables 10\n\u2502  \u251c\u2500 Derived Variables 11\n\u2502  \u251c\u2500 Derived Variables 12\n\u2502  \u251c\u2500 Derived Variables 13\n\u2502  \u251c\u2500 Derived Variables 14\n\u2502  \u251c\u2500 Derived Variables 15\n\u2502  \u251c\u2500 Derived Variables 16\n\u2502  \u251c\u2500 Derived Variables 17\n\u2502  \u2514\u2500 Derived Variables 18\n\u251c\u2500 couplings\n\u2502  \u251c\u2500 Integration\n\u2502  \u251c\u2500 Integration\n\u2502  \u251c\u2500 Integration\n\u2502  \u251c\u2500 Integration\n\u2502  \u251c\u2500 Integration\n\u2502  \u251c\u2500 Integration\n\u2502  \u251c\u2500 Integration\n\u2502  \u251c\u2500 Integration\n\u2502  \u251c\u2500 Integration\n\u2502  \u251c\u2500 Integration\n\u2502  \u251c\u2500 Integration\n\u2502  \u251c\u2500 Integration\n\u2502  \u251c\u2500 Integration\n\u2502  \u251c\u2500 Integration\n\u2502  \u251c\u2500 Integration\n\u2502  \u251c\u2500 Integration\n\u2502  \u251c\u2500 Integration\n\u2502  \u251c\u2500 Integration\n\u2502  \u251c\u2500 Integration\n\u2502  \u251c\u2500 Integration\n\u2502  \u251c\u2500 Integration\n\u2502  \u251c\u2500 Integration\n\u2502  \u251c\u2500 Integration\n\u2502  \u251c\u2500 Integration\n\u2502  \u251c\u2500 Integration\n\u2502  \u251c\u2500 Integration\n\u2502  \u251c\u2500 Integration\n\u2502  \u251c\u2500 Integration\n\u2502  \u251c\u2500 Integration\n\u2502  \u251c\u2500 Integration\n\u2502  \u251c\u2500 Integration\n\u2502  \u251c\u2500 Integration\n\u2502  \u2514\u2500 Integration\n\u251c\u2500 physics\n\u2502  \u2514\u2500 Heat Transfer in Solids\n\u2502     \u251c\u2500 Solid 1\n\u2502     \u2502  \u2514\u2500 Opacity 1\n\u2502     \u251c\u2500 Initial Values 1\n\u2502     \u251c\u2500 Axial Symmetry 1\n\u2502     \u251c\u2500 Thermal Insulation 1\n\u2502     \u251c\u2500 Isothermal Domain Interface 1\n\u2502     \u2502  \u2514\u2500 Layer Opacity 1\n\u2502     \u251c\u2500 Local Thermal Nonequilibrium Boundary 1\n\u2502     \u251c\u2500 Opaque Surface 1\n\u2502     \u251c\u2500 Continuity 1\n\u2502     \u2514\u2500 Temperature 1\n\u251c\u2500 multiphysics\n\u251c\u2500 materials\n\u251c\u2500 meshes\n\u2502  \u2514\u2500 Mesh 1\n\u2502     \u251c\u2500 Size\n\u2502     \u2514\u2500 Free Triangular 1\n\u251c\u2500 studies\n\u2502  \u2514\u2500 Study 1\n\u2502     \u2514\u2500 Time Dependent - Continuous Simulation (with Heating)\n\u251c\u2500 solutions\n\u2502  \u2514\u2500 Solution 1\n\u2502     \u251c\u2500 Compile Equations: Time Dependent - Continuous Simulation (with Heating)\n\u2502     \u251c\u2500 Dependent Variables 1.1\n\u2502     \u2502  \u2514\u2500 Temperature (comp1.T)\n\u2502     \u2514\u2500 Time-Dependent Solver 1.1\n\u2502        \u251c\u2500 Direct 2\n\u2502        \u251c\u2500 Advanced 1\n\u2502        \u251c\u2500 Fully Coupled 1.1\n\u2502        \u251c\u2500 Direct, heat transfer variables (ht)\n\u2502        \u2514\u2500 AMG, heat transfer variables (ht)\n\u2502           \u251c\u2500 Incomplete LU 1\n\u2502           \u2514\u2500 Multigrid 1.1\n\u2502              \u251c\u2500 Presmoother\n\u2502              \u2502  \u251c\u2500 SOR\n\u2502              \u2502  \u2514\u2500 SOR 1\n\u2502              \u251c\u2500 Postsmoother\n\u2502              \u2502  \u251c\u2500 SOR\n\u2502              \u2502  \u2514\u2500 SOR 1\n\u2502              \u2514\u2500 Coarse Solver\n\u2502                 \u251c\u2500 Direct\n\u2502                 \u2514\u2500 Direct 1\n\u251c\u2500 batches\n\u251c\u2500 datasets\n\u2502  \u251c\u2500 Study 1//Solution 1\n\u2502  \u251c\u2500 Revolution 2D\n\u2502  \u2514\u2500 Cut Point 2D - Continuous Heating\n\u251c\u2500 evaluations\n\u2502  \u2514\u2500 Point Evaluation 1\n\u251c\u2500 tables\n\u2502  \u2514\u2500 Table 1\n\u251c\u2500 plots\n\u2514\u2500 exports\n", "selection_information": "\n-\n"}